sido,sigungu,dong,adm_cd,corp_cnt,tot_worker,lat,lon
서울특별시,영등포구,여의동,11190540,17242,195020,37.528485,126.928477
서울특별시,금천구,가산동,11180510,25309,182115,37.476659,126.883893
서울특별시,강남구,역삼1동,11230640,21141,176721,37.500819,127.032104
경기도,안산시 단원구,초지동,31092660,13553,119041,37.310165,126.773862
서울특별시,중구,명동,11020550,8496,108481,37.563765,126.985513
서울특별시,종로구,종로1·2·3·4가동,11010610,17087,106815,37.575177,126.98984
서울특별시,송파구,문정2동,11240690,12916,99373,37.481221,127.119137
경기도,성남시 분당구,삼평동,31023740,5155,98990,37.402018,127.108217
서울특별시,구로구,구로3동,11170540,10615,95488,37.484879,126.896018
서울특별시,서초구,서초3동,11220530,11958,91869,37.485557,127.009419
서울특별시,강남구,삼성1동,11230580,7531,75476,37.515252,127.06079
서울특별시,강남구,대치2동,11230790,5924,73654,37.500974,127.065671
서울특별시,강서구,가양1동,11160751,10161,73155,37.571646,126.834712
서울특별시,강남구,논현2동,11230530,8616,72861,37.515239,127.036212
서울특별시,서초구,서초2동,11220520,8560,72379,37.488805,127.027926
인천광역시,남동구,논현고잔동,23050740,10044,68277,37.394324,126.702183
경기도,화성시,반월동,31240550,2762,66711,37.226819,127.060654
서울특별시,중구,소공동,11020520,5123,66312,37.564131,126.974403
서울특별시,성동구,성수2가3동,11040680,8309,64621,37.545546,127.058145
서울특별시,마포구,서교동,11140660,12653,63106,37.554877,126.921075
서울특별시,종로구,사직동,11010530,4970,56919,37.573874,126.970348
경기도,안양시 동안구,인덕원동,31042691,8639,56366,37.399169,126.971467
경기도,수원시 영통구,매탄3동,31014530,2484,55259,37.257202,127.050238
서울특별시,송파구,잠실6동,11240770,3160,54877,37.519779,127.09942
서울특별시,용산구,한강로동,11030730,6120,53433,37.529015,126.968617
인천광역시,중구,운서동,23010640,3767,52021,37.472735,126.460265
서울특별시,중구,회현동,11020540,8989,50194,37.556662,126.977184
서울특별시,서초구,양재2동,11220670,7684,49865,37.450956,127.04596
경기도,수원시 팔달구,인계동,31013560,9495,49849,37.268697,127.027544
서울특별시,강남구,논현1동,11230520,8207,49743,37.511874,127.026502
서울특별시,마포구,상암동,11140740,3662,49742,37.570739,126.879902
경기도,화성시,향남읍,31240140,11043,49580,37.114536,126.926898
서울특별시,영등포구,문래동,11190760,7474,49183,37.516518,126.891181
서울특별시,강남구,삼성2동,11230590,6210,48399,37.511854,127.048782
서울특별시,서초구,양재1동,11220660,5443,46578,37.469422,127.022394
경기도,성남시 중원구,상대원1동,31022570,6468,45020,37.440318,127.180275
서울특별시,강남구,역삼2동,11230650,5878,44415,37.49848,127.044891
경기도,시흥시,정왕1동,31150650,9047,43849,37.332813,126.734655
경기도,화성시,남양읍,31240150,6444,43711,37.208061,126.821779
서울특별시,강남구,청담동,11230780,6650,43469,37.524362,127.05054
서울특별시,서초구,서초1동,11220510,5403,43285,37.487025,127.020087
경기도,이천시,부발읍,31210120,3656,43116,37.273191,127.506982
서울특별시,영등포구,영등포동,11190740,14935,42776,37.521641,126.907673
경기도,화성시,동탄5동,31240650,9961,40650,37.209341,127.123393
경기도,수원시 권선구,평동,31012550,5774,40570,37.245791,126.980004
경기도,고양시 일산동구,장항2동,31103590,10844,39559,37.655748,126.768877
경기도,화성시,팔탄면,31240380,7771,39335,37.153648,126.882064
경기도,군포시,군포1동,31160510,7561,39239,37.353859,126.952149
경기도,김포시,양촌읍,31230130,8012,38045,37.664664,126.643356
인천광역시,남동구,구월3동,23050530,6461,37879,37.448572,126.701629
서울특별시,서대문구,신촌동,11130750,5092,37317,37.563989,126.941612
인천광역시,연수구,송도1동,23040640,4316,36528,37.38239,126.646747
서울특별시,강남구,압구정동,11230770,5945,36359,37.529752,127.034334
경기도,성남시 분당구,서현1동,31023580,5545,35919,37.385561,127.149364
인천광역시,연수구,송도3동,23040650,5944,35904,37.372432,126.664625
경기도,화성시,동탄1동,31240610,5823,35351,37.210219,127.073936
경기도,화성시,봉담읍,31240120,9952,34884,37.203924,126.939194
서울특별시,중구,광희동,11020590,9110,34870,37.565078,127.0037
인천광역시,부평구,청천2동,23060620,4628,34636,37.515179,126.713322
경기도,부천시 오정구,신흥동,31053571,7562,34324,37.52308,126.771781
서울특별시,강서구,공항동,11160690,2519,34147,37.555694,126.794605
서울특별시,강서구,발산1동,11160670,6697,34058,37.550502,126.82539
경기도,파주시,월롱면,31200310,2955,34018,37.797349,126.788826
경기도,성남시 분당구,정자1동,31023770,4147,33750,37.371344,127.105621
서울특별시,강남구,대치4동,11230630,5811,33622,37.501565,127.054761
인천광역시,서구,오류왕길동,23080840,5821,33594,37.581954,126.621812
경기도,남양주시,진접읍,31130120,9487,33486,37.725504,127.193681
경기도,수원시 영통구,광교1동,31014620,5393,33259,37.301325,127.047684
경기도,김포시,대곶면,31230340,7624,32114,37.645624,126.572491
경기도,남양주시,화도읍,31130111,9723,31580,37.652786,127.315961
서울특별시,중구,을지로동,11020600,9219,31514,37.568482,126.996521
서울특별시,구로구,구로2동,11170710,9346,31437,37.496821,126.883772
경기도,화성시,정남면,31240430,6540,30986,37.161879,126.986031
서울특별시,서초구,서초4동,11220540,4211,30822,37.498967,127.01983
경기도,부천시 원미구,중1동,31051641,6841,30264,37.500827,126.76608
경기도,안산시 단원구,호수동,31092730,8629,30136,37.310377,126.831198
경기도,평택시,포승읍,31070130,4378,30030,36.985169,126.85754
서울특별시,송파구,가락본동,11240650,4720,29760,37.497916,127.119878
경기도,화성시,동탄6동,31240700,4727,29619,37.181957,127.088515
서울특별시,서초구,반포4동,11220600,4116,29499,37.499485,127.003332
서울특별시,동대문구,용신동,11060810,6730,29171,37.575552,127.03252
서울특별시,강남구,신사동,11230510,5814,28232,37.526072,127.020177
경기도,파주시,교하동,31200511,5552,27946,37.738889,126.700054
경기도,광주시,초월읍,31250120,7277,27821,37.396864,127.311234
경기도,화성시,우정읍,31240130,3217,27490,37.083374,126.787181
서울특별시,성동구,성수1가2동,11040660,4869,27231,37.548997,127.043679
경기도,고양시 일산동구,고봉동,31103600,6065,26803,37.706726,126.813721
인천광역시,서구,가좌1동,23080620,4712,26686,37.491618,126.662191
경기도,시흥시,정왕2동,31150611,5835,25871,37.340804,126.721602
서울특별시,영등포구,당산1동,11190550,5906,25622,37.523902,126.896768
경기도,용인시 기흥구,서농동,31192550,2047,25529,37.232628,127.079243
서울특별시,영등포구,당산2동,11190560,4244,25227,37.534224,126.902355
경기도,평택시,진위면,31070310,2055,25184,37.10804,127.088116
서울특별시,구로구,구로5동,11170560,4451,25179,37.501885,126.888607
서울특별시,중구,필동,11020570,3555,25095,37.556762,126.994041
서울특별시,금천구,독산1동,11180520,5340,24899,37.464156,126.892431
서울특별시,송파구,방이2동,11240580,4908,24767,37.51322,127.113905
경기도,화성시,장안면,31240390,4128,24580,37.073896,126.840953
경기도,성남시 분당구,야탑1동,31023620,3711,24514,37.413522,127.12591
경기도,부천시 원미구,도당동,31051601,4776,24321,37.513439,126.785498
경기도,광명시,소하1동,31060660,3051,24109,37.444696,126.8907
경기도,수원시 영통구,원천동,31014600,3928,23858,37.273199,127.061467
서울특별시,영등포구,양평1동,11190610,3554,23813,37.525562,126.88649
경기도,시흥시,정왕3동,31150620,5107,23758,37.345453,126.706392
경기도,김포시,통진읍,31230110,5668,23464,37.695992,126.599518
서울특별시,중구,신당동,11020690,11438,22967,37.56576,127.013819
경기도,성남시 분당구,구미동,31023670,2717,22958,37.34265,127.121249
경기도,남양주시,별내동,31130570,7121,22750,37.666343,127.114395
서울특별시,서대문구,충현동,11130730,2818,22726,37.564796,126.958127
서울특별시,양천구,목1동,11150510,3824,22713,37.527534,126.874205
서울특별시,영등포구,양평2동,11190620,3453,22683,37.543672,126.890462
경기도,평택시,청북읍,31070140,3361,22612,37.044873,126.93399
경기도,성남시 분당구,백현동,31023760,2153,22403,37.389692,127.109863
서울특별시,동대문구,장안1동,11060870,6147,22305,37.566225,127.068451
인천광역시,남동구,논현2동,23050730,4088,22219,37.407595,126.70811
경기도,포천시,소흘읍,31270110,6481,22133,37.794313,127.149111
서울특별시,강서구,등촌3동,11160540,3126,21949,37.56112,126.84623
서울특별시,송파구,잠실본동,11240710,4160,21873,37.505975,127.082624
경기도,성남시 분당구,수내1동,31023530,3570,21830,37.379054,127.114831
경기도,평택시,고덕동,31070690,2285,21648,37.04394,127.039275
경기도,광주시,곤지암읍,31250140,4735,21270,37.363858,127.382406
서울특별시,종로구,종로5·6가동,11010630,7541,21257,37.572859,127.004306
인천광역시,서구,신현원창동,23080730,4472,21237,37.51378,126.638045
서울특별시,강남구,도곡2동,11230670,2819,20769,37.490233,127.05191
경기도,의정부시,의정부2동,31030520,4769,20419,37.736079,127.036961
서울특별시,용산구,한남동,11030740,3168,20395,37.537485,127.00514
경기도,고양시 일산서구,대화동,31104570,4545,20367,37.676529,126.748272
경기도,안양시 동안구,호계1동,31042620,5150,20345,37.372643,126.954034
경기도,화성시,마도면,31240350,3104,20256,37.19234,126.762868
서울특별시,송파구,오금동,11240600,3193,20240,37.504036,127.13408
경기도,안산시 단원구,중앙동,31092750,5254,20073,37.325429,126.835907
서울특별시,마포구,공덕동,11140770,3457,19960,37.549581,126.95801
인천광역시,남동구,남촌도림동,23050670,3342,19948,37.425626,126.720872
서울특별시,서초구,방배1동,11220620,2501,19902,37.484834,126.996178
경기도,안양시 만안구,안양7동,31041570,3450,19882,37.389498,126.936594
서울특별시,강동구,상일2동,11250770,444,19877,37.551934,127.177275
서울특별시,마포구,용강동,11140590,3913,19848,37.541471,126.941044
인천광역시,서구,검암경서동,23080510,4696,19813,37.562974,126.655414
경기도,의정부시,의정부1동,31030690,6715,19653,37.741228,127.049028
인천광역시,부평구,부평4동,23060540,4581,19590,37.501482,126.726024
경기도,부천시 원미구,춘의동,31051591,3830,19531,37.502482,126.802697
경기도,평택시,송탄동,31070530,2785,19512,37.045426,127.09582
경기도,용인시 기흥구,구갈동,31192520,6088,19496,37.277485,127.122975
경기도,파주시,탄현면,31200320,4049,19496,37.802307,126.705754
서울특별시,성동구,성수2가1동,11040670,3309,19307,37.536359,127.055346
경기도,광주시,광남1동,31250580,4975,19061,37.398261,127.205163
경기도,남양주시,다산1동,31130580,6322,18990,37.618756,127.156544
서울특별시,마포구,도화동,11140750,2952,18940,37.53861,126.948016
경기도,평택시,비전1동,31070670,5422,18909,37.01504,127.123713
서울특별시,종로구,이화동,11010640,1630,18900,37.579759,127.003195
경기도,김포시,고촌읍,31230120,5389,18847,37.606524,126.762765
서울특별시,강동구,성내1동,11250650,2910,18829,37.528707,127.125528
서울특별시,강남구,수서동,11230750,2080,18820,37.488693,127.100028
경기도,하남시,미사3동,31180611,4969,18788,37.550238,127.189973
경기도,안산시 단원구,신길동,31092770,3633,18686,37.331201,126.769212
서울특별시,강남구,도곡1동,11230660,2502,18608,37.488884,127.041002
인천광역시,서구,연희동,23080531,3998,18595,37.547935,126.682922
경기도,시흥시,대야동,31150510,5602,18525,37.453027,126.800025
서울특별시,강동구,길동,11250740,4994,18502,37.539803,127.146176
경기도,용인시 기흥구,영덕1동,31192630,3355,18466,37.274871,127.080057
경기도,의왕시,청계동,31170560,3558,18353,37.388173,127.011489
경기도,부천시 원미구,상동,31051621,2902,18270,37.491428,126.759226
경기도,성남시 수정구,위례동,31021680,4226,18252,37.467832,127.147024
서울특별시,서초구,잠원동,11220550,3351,18080,37.517137,127.012777
서울특별시,강서구,등촌1동,11160520,2634,17999,37.556741,126.859628
인천광역시,계양구,계산4동,23070620,4290,17842,37.538482,126.739949
인천광역시,미추홀구,도화2·3동,23090770,3467,17835,37.473448,126.662382
서울특별시,광진구,구의3동,11050620,3383,17735,37.537004,127.094235
경기도,용인시 처인구,모현읍,31191120,4547,17735,37.326434,127.218187
경기도,화성시,양감면,31240420,2954,17691,37.088361,126.959928
서울특별시,동작구,신대방2동,11200700,1765,17551,37.494556,126.920523
경기도,안성시,공도읍,31220110,4753,17503,36.994951,127.173878
경기도,용인시 처인구,이동읍,31191130,4124,17391,37.164616,127.211198
인천광역시,중구,신흥동,23010540,4111,17304,37.445093,126.625144
인천광역시,남동구,구월1동,23050510,3791,17295,37.444859,126.712352
서울특별시,양천구,신정4동,11150720,4311,17227,37.525418,126.857689
경기도,포천시,가산면,31270330,3982,17041,37.833826,127.200961
경기도,안양시 동안구,부림동,31042580,3835,17031,37.396679,126.959046
경기도,용인시 처인구,남사읍,31191140,2601,16960,37.132641,127.156592
인천광역시,계양구,작전서운동,23070580,3182,16958,37.530349,126.747897
경기도,화성시,진안동,31240520,4609,16840,37.224922,127.038222
서울특별시,송파구,풍납2동,11240520,1609,16757,37.530165,127.108148
서울특별시,서초구,방배2동,11220630,2653,16718,37.472298,126.983958
경기도,광명시,일직동,31060700,3476,16648,37.420055,126.882515
경기도,평택시,신평동,31070590,5059,16607,36.981631,127.106518
경기도,남양주시,진건읍,31130140,4731,16564,37.657945,127.185024
서울특별시,용산구,남영동,11030530,1890,16526,37.543672,126.974897
경기도,용인시 처인구,포곡읍,31191110,3772,16397,37.290513,127.217667
서울특별시,구로구,신도림동,11170510,3604,16375,37.509981,126.88208
경기도,수원시 영통구,영통2동,31014650,3155,16339,37.24814,127.054148
경기도,오산시,대원1동,31140581,4367,16246,37.137576,127.072058
경기도,군포시,송부동,31160640,2327,16200,37.321463,126.929213
서울특별시,노원구,상계6·7동,11110770,2507,16181,37.648694,127.060107
경기도,안산시 단원구,원곡동,31092760,5398,16155,37.331284,126.791753
경기도,용인시 수지구,동천동,31193560,4246,16147,37.350199,127.05744
경기도,용인시 기흥구,보정동,31192590,3671,16089,37.309289,127.10722
서울특별시,금천구,시흥1동,11180570,3941,15948,37.452307,126.900158
경기도,수원시 영통구,영통3동,31014660,4329,15932,37.251676,127.071876
서울특별시,성동구,성수1가1동,11040650,2878,15836,37.540744,127.042337
서울특별시,강동구,천호2동,11250730,4423,15746,37.544965,127.121994
서울특별시,중랑구,신내1동,11070690,2875,15711,37.61669,127.104091
서울특별시,송파구,석촌동,11240630,3699,15687,37.502808,127.102566
경기도,파주시,금촌1동,31200530,5130,15687,37.760798,126.782399
서울특별시,강서구,염창동,11160510,3018,15605,37.554535,126.871772
서울특별시,관악구,대학동,11210730,1928,15551,37.452741,126.948579
경기도,용인시 처인구,중앙동,31191510,3584,15449,37.225047,127.200563
서울특별시,종로구,가회동,11010600,957,15443,37.582634,126.986459
경기도,오산시,남촌동,31140530,3178,15435,37.159865,127.049216
경기도,여주시,여흥동,31280510,4636,15342,37.255897,127.650445
경기도,오산시,세마동,31140550,2885,15287,37.184207,127.029569
서울특별시,광진구,화양동,11050530,2975,15266,37.543222,127.073452
경기도,고양시 일산동구,백석1동,31103550,3350,15189,37.64741,126.792503
경기도,부천시 원미구,상2동,31051691,3816,15054,37.499166,126.748527
경기도,수원시 권선구,권선1동,31012600,3460,15048,37.258329,127.027124
경기도,이천시,마장면,31210340,2389,15026,37.249576,127.370845
경기도,의왕시,부곡동,31170520,2641,15016,37.319618,126.952736
경기도,양평군,양평읍,31580110,4393,14932,37.493615,127.51396
서울특별시,강서구,방화2동,11160710,2300,14902,37.582625,126.800478
경기도,광명시,철산3동,31060600,2439,14898,37.475347,126.87092
경기도,파주시,조리읍,31200150,4240,14792,37.750773,126.823099
경기도,하남시,미사1동,31180620,4756,14768,37.567752,127.204485
경기도,구리시,동구동,31120520,4141,14696,37.624609,127.13672
경기도,파주시,문산읍,31200110,4469,14667,37.874305,126.780457
서울특별시,서초구,반포1동,11220570,2525,14658,37.506436,127.01675
경기도,용인시 기흥구,기흥동,31192540,2387,14639,37.230908,127.114154
경기도,성남시 중원구,성남동,31022510,5071,14638,37.43232,127.132847
경기도,파주시,광탄면,31200350,3326,14608,37.776582,126.88299
인천광역시,서구,석남2동,23080590,3879,14599,37.504323,126.657783
경기도,남양주시,와부읍,31130110,4807,14491,37.593945,127.247087
인천광역시,부평구,부평1동,23060510,4440,14464,37.496117,126.720298
경기도,용인시 기흥구,동백2동,31192680,3969,14289,37.266786,127.161905
경기도,하남시,덕풍3동,31180560,3366,14226,37.551231,127.20463
인천광역시,서구,가좌3동,23080640,2228,14208,37.497016,126.678658
경기도,광주시,오포1동,31250511,3439,14028,37.359747,127.213151
경기도,김포시,구래동,31230630,5485,14005,37.645204,126.62729
서울특별시,마포구,아현동,11140780,2282,13979,37.55181,126.95273
서울특별시,서초구,방배4동,11220650,3197,13946,37.490707,126.991003
경기도,평택시,안중읍,31070120,4054,13909,36.990882,126.936851
경기도,군포시,광정동,31160610,3578,13857,37.367806,126.928038
경기도,양주시,양주2동,31260520,4382,13854,37.792562,127.086969
서울특별시,성북구,안암동,11080600,1841,13831,37.587717,127.0272
경기도,파주시,운정3동,31200513,4848,13661,37.711288,126.746049
경기도,평택시,서탄면,31070320,1802,13641,37.102047,127.021367
서울특별시,광진구,광장동,11050630,2088,13626,37.547829,127.104704
경기도,성남시 분당구,야탑3동,31023630,2721,13586,37.404657,127.150744
서울특별시,마포구,합정동,11140680,3818,13585,37.546994,126.909125
경기도,양주시,광적면,31260330,3380,13562,37.830087,126.952908
서울특별시,서초구,방배3동,11220640,1874,13552,37.47435,126.997866
경기도,남양주시,오남읍,31130150,4485,13549,37.693824,127.231367
경기도,수원시 권선구,서둔동,31012560,3896,13464,37.26857,126.982148
경기도,고양시 일산동구,식사동,31103510,3695,13457,37.678961,126.816131
경기도,성남시 분당구,금곡동,31023710,3119,13447,37.362865,127.095931
서울특별시,도봉구,방학1동,11100550,2632,13421,37.665937,127.043553
경기도,이천시,중리동,31210520,2639,13421,37.242951,127.459715
서울특별시,은평구,진관동,11120710,2986,13387,37.639675,126.93794
서울특별시,노원구,공릉1동,11110790,3471,13377,37.624146,127.073681
인천광역시,중구,연안동,23010520,3247,13343,37.458396,126.611782
경기도,화성시,화산동,31240570,2733,13341,37.207716,127.005239
경기도,의정부시,자금동,31030600,2328,13329,37.76324,127.086519
서울특별시,종로구,교남동,11010580,552,13326,37.571051,126.963981
인천광역시,연수구,송도2동,23040660,3454,13256,37.400575,126.639897
서울특별시,송파구,송파1동,11240610,2958,13177,37.507178,127.110361
경기도,용인시 처인구,양지면,31191360,2831,13069,37.241958,127.28862
서울특별시,은평구,녹번동,11120510,2590,13044,37.605336,126.934426
인천광역시,남동구,만수6동,23050640,2178,12919,37.441921,126.740045
경기도,김포시,김포본동,31230610,4209,12918,37.63506,126.711108
서울특별시,강서구,화곡6동,11160610,2228,12881,37.551584,126.851238
경기도,하남시,신장2동,31180530,3229,12873,37.54883,127.218201
서울특별시,서대문구,연희동,11130760,3067,12815,37.572312,126.932864
경기도,광주시,경안동,31250540,3889,12792,37.405374,127.252682
경기도,안양시 동안구,범계동,31042650,2702,12732,37.387669,126.95388
서울특별시,노원구,공릉2동,11110560,2337,12694,37.631583,127.094367
서울특별시,마포구,성산2동,11140730,3232,12638,37.568392,126.901912
경기도,시흥시,신천동,31150520,4544,12571,37.438675,126.780184
서울특별시,성동구,마장동,11040540,3584,12537,37.567327,127.040612
경기도,시흥시,은행동,31150540,3867,12513,37.43164,126.808091
경기도,평택시,중앙동,31070510,3228,12508,37.054288,127.060593
서울특별시,중랑구,망우본동,11070730,3748,12471,37.602018,127.107318
경기도,용인시 기흥구,마북동,31192570,1706,12469,37.306651,127.127659
서울특별시,관악구,청룡동,11210800,2578,12444,37.478052,126.946946
경기도,고양시 덕양구,화정1동,31101620,2943,12444,37.641914,126.832952
경기도,평택시,세교동,31070640,2238,12413,37.013076,127.073364
경기도,광주시,도척면,31250340,2732,12407,37.308057,127.315473
경기도,양주시,은현면,31260310,2622,12329,37.869178,127.023895
서울특별시,송파구,가락1동,11240660,3692,12324,37.495183,127.108251
서울특별시,성동구,용답동,11040700,2403,12301,37.558865,127.057579
서울특별시,강서구,방화1동,11160700,3364,12283,37.56861,126.817549
경기도,평택시,비전2동,31070650,3238,12256,36.990501,127.120036
서울특별시,동작구,대방동,11200680,2212,12253,37.506869,126.928121
경기도,고양시 덕양구,흥도동,31101511,2686,12239,37.636518,126.862899
경기도,수원시 영통구,광교2동,31014630,3216,12170,37.287283,127.072622
경기도,안성시,미양면,31220340,1518,12122,36.969494,127.22325
경기도,김포시,풍무동,31230540,4327,12122,37.606129,126.722312
경기도,하남시,천현동,31180510,2661,12105,37.512254,127.238322
경기도,포천시,선단동,31270520,2496,12097,37.861382,127.146827
경기도,의정부시,송산3동,31030710,3258,12055,37.753995,127.116653
경기도,수원시 장안구,파장동,31011540,2052,12051,37.320575,126.989376
경기도,용인시 수지구,상현3동,31193630,2428,12045,37.302226,127.06949
서울특별시,송파구,가락2동,11240670,3127,11987,37.49677,127.130676
경기도,고양시 덕양구,창릉동,31101580,3085,11918,37.631201,126.892184
경기도,김포시,사우동,31230530,3300,11909,37.61989,126.725965
서울특별시,동대문구,제기동,11060820,5109,11903,37.58371,127.037272
경기도,부천시 오정구,오정동,31053561,2225,11879,37.536394,126.779303
경기도,고양시 일산동구,장항1동,31103580,2755,11864,37.643621,126.761027
경기도,부천시 원미구,상3동,31051701,3156,11830,37.510815,126.751827
경기도,성남시 수정구,시흥동,31021660,1341,11795,37.412091,127.083406
인천광역시,서구,청라1동,23080740,3349,11759,37.530985,126.655367
서울특별시,성북구,삼선동,11080820,2387,11681,37.586627,127.011758
경기도,시흥시,배곧2동,31150750,4263,11658,37.363295,126.716469
경기도,수원시 팔달구,매산동,31013680,3158,11604,37.269027,127.004816
경기도,김포시,하성면,31230360,3059,11586,37.736646,126.641267
인천광역시,부평구,부평5동,23060550,3813,11527,37.495544,126.730463
경기도,군포시,금정동,31160560,3011,11517,37.366095,126.945318
서울특별시,동대문구,장안2동,11060880,3475,11466,37.575657,127.071998
경기도,안성시,원곡면,31220380,2079,11406,37.055938,127.147063
경기도,의정부시,신곡2동,31030580,3705,11287,37.745561,127.067866
경기도,안산시 상록구,이동,31091740,3652,11272,37.311502,126.855394
인천광역시,부평구,삼산2동,23060720,2449,11258,37.512499,126.737542
서울특별시,성동구,사근동,11040550,1208,11235,37.558062,127.045503
경기도,과천시,과천동,31110550,2420,11230,37.450843,127.008865
경기도,수원시 장안구,율천동,31011550,2656,11215,37.299424,126.971816
서울특별시,동대문구,회기동,11060710,1311,11205,37.593978,127.051685
경기도,안양시 동안구,평촌동,31042590,2060,11196,37.392345,126.975491
경기도,김포시,장기동,31230560,4305,11143,37.637102,126.678864
경기도,안성시,안성3동,31220530,2343,11100,37.026819,127.270701
경기도,시흥시,거북섬동,31150760,1682,11088,37.321993,126.693501
경기도,고양시 일산동구,백석2동,31103610,3154,11023,37.643125,126.784394
서울특별시,성동구,왕십리도선동,11040710,3205,10993,37.568667,127.028442
경기도,화성시,서신면,31240370,2151,10985,37.159993,126.703526
경기도,안성시,안성2동,31220520,2858,10967,36.992079,127.267153
경기도,양주시,백석읍,31260110,2879,10939,37.788936,126.977539
경기도,평택시,팽성읍,31070110,2906,10924,36.961359,127.036796
경기도,남양주시,호평동,31130510,3454,10923,37.663877,127.249492
경기도,남양주시,다산2동,31130590,2913,10904,37.597489,127.170881
서울특별시,강남구,개포4동,11230710,2739,10866,37.475393,127.053355
경기도,김포시,월곶면,31230350,2379,10862,37.736394,126.554257
경기도,포천시,군내면,31270310,2268,10860,37.877248,127.229486
인천광역시,미추홀구,주안5동,23090690,2302,10853,37.469195,126.680557
서울특별시,노원구,상계2동,11110660,3193,10784,37.658329,127.067273
경기도,시흥시,목감동,31150560,3665,10771,37.380247,126.853101
경기도,성남시 중원구,도촌동,31022610,2065,10766,37.419289,127.16104
경기도,의왕시,고천동,31170510,1777,10766,37.343051,126.986153
경기도,구리시,교문1동,31120540,2592,10759,37.579997,127.118147
경기도,고양시 덕양구,화정2동,31101630,2764,10756,37.633534,126.836676
경기도,과천시,중앙동,31110510,702,10752,37.435971,126.979324
인천광역시,미추홀구,주안1동,23090650,2877,10653,37.462013,126.680703
경기도,용인시 수지구,죽전1동,31193600,2072,10652,37.333013,127.129436
경기도,이천시,증포동,31210540,3432,10646,37.289687,127.454466
경기도,용인시 기흥구,보라동,31192660,2443,10592,37.244907,127.130939
서울특별시,성북구,월곡2동,11080720,1975,10567,37.603309,127.045341
경기도,파주시,운정5동,31200515,2621,10546,37.728916,126.715458
서울특별시,강남구,개포3동,11230511,743,10527,37.499021,127.078839
서울특별시,성북구,동선동,11080830,2562,10522,37.593774,127.018394
서울특별시,양천구,목5동,11150710,2255,10515,37.535974,126.87993
서울특별시,동작구,흑석동,11200710,1840,10506,37.505443,126.962244
서울특별시,동작구,사당1동,11200630,2353,10502,37.479787,126.977527
서울특별시,구로구,고척1동,11170610,2988,10501,37.500582,126.863773
경기도,안양시 만안구,안양6동,31041560,2936,10465,37.38772,126.924893
경기도,오산시,중앙동,31140510,2826,10381,37.153673,127.083882
경기도,가평군,가평읍,31570110,2858,10375,37.828815,127.4875
경기도,의정부시,송산1동,31030591,2413,10368,37.730935,127.080843
경기도,성남시 수정구,복정동,31021670,1455,10288,37.458841,127.130773
경기도,화성시,동탄7동,31240691,3139,10223,37.172797,127.112186
경기도,안양시 동안구,호계2동,31042630,2087,10214,37.382382,126.947039
경기도,부천시 원미구,원미1동,31051561,2380,10206,37.496359,126.793093
경기도,용인시 기흥구,신갈동,31192610,2492,10192,37.282967,127.101322
경기도,안양시 동안구,관양동,31042681,3091,10181,37.410953,126.964096
경기도,고양시 일산서구,덕이동,31104513,3185,10172,37.695806,126.743699
경기도,안산시 상록구,본오1동,31091540,4480,10167,37.286118,126.871957
서울특별시,서초구,내곡동,11220680,1411,10166,37.455942,127.070601
경기도,광주시,오포2동,31250512,3285,10163,37.367893,127.260959
서울특별시,용산구,원효로1동,11030720,2377,10143,37.537479,126.966621
경기도,수원시 권선구,금곡동,31012650,2969,10133,37.275393,126.944315
경기도,광주시,송정동,31250550,2669,10128,37.425035,127.262518
경기도,안성시,대덕면,31220350,2101,10125,37.03455,127.238576
경기도,용인시 기흥구,영덕2동,31192640,1913,10107,37.253123,127.091274
인천광역시,중구,신포동,23010530,2102,10103,37.467636,126.626509
인천광역시,연수구,송도4동,23040680,2064,10038,37.391625,126.622794
서울특별시,송파구,삼전동,11240640,2588,10028,37.50187,127.091992
경기도,고양시 일산동구,마두1동,31103560,1895,10014,37.662121,126.78378
서울특별시,마포구,성산1동,11140720,2345,9994,37.562015,126.911859
서울특별시,용산구,청파동,11030710,2132,9967,37.547593,126.966877
서울특별시,강서구,화곡1동,11160730,3711,9957,37.53378,126.840888
경기도,안산시 단원구,고잔동,31092740,1562,9928,37.324791,126.82344
서울특별시,강동구,천호3동,11250630,2340,9911,37.540581,127.132226
경기도,여주시,가남읍,31280110,2278,9849,37.209074,127.580219
서울특별시,서초구,방배본동,11220610,2394,9848,37.495984,126.987743
서울특별시,강남구,일원본동,11230720,677,9787,37.482348,127.084509
인천광역시,강화군,강화읍,23510110,2906,9786,37.751826,126.488235
서울특별시,강남구,세곡동,11230760,2372,9777,37.470707,127.104285
경기도,성남시 분당구,구미1동,31023720,2289,9770,37.34822,127.107085
경기도,수원시 장안구,정자3동,31011620,2334,9730,37.29839,126.984754
서울특별시,강동구,둔촌2동,11250710,1823,9712,37.531289,127.147314
서울특별시,광진구,자양1동,11050640,2052,9705,37.535487,127.080411
경기도,부천시 원미구,심곡2동,31051521,3361,9697,37.486607,126.784294
서울특별시,강북구,수유3동,11090650,3012,9686,37.640504,127.02172
경기도,화성시,송산면,31240360,2569,9678,37.228596,126.708678
서울특별시,강북구,번1동,11090600,2299,9609,37.638492,127.03003
서울특별시,마포구,서강동,11140760,2598,9603,37.546712,126.924987
경기도,고양시 일산동구,풍산동,31103540,2874,9580,37.662326,126.801284
서울특별시,양천구,신정3동,11150660,2925,9569,37.511796,126.840856
서울특별시,마포구,대흥동,11140600,1891,9562,37.552109,126.941418
서울특별시,광진구,군자동,11050540,2349,9553,37.553008,127.072558
서울특별시,동작구,상도1동,11200530,2421,9515,37.498219,126.953472
경기도,김포시,운양동,31230600,3472,9493,37.656084,126.685412
인천광역시,미추홀구,용현5동,23090590,3231,9485,37.448929,126.639434
인천광역시,서구,청라2동,23080780,3365,9440,37.533638,126.640827
경기도,파주시,파주읍,31200120,1880,9422,37.828527,126.814969
서울특별시,동대문구,답십리1동,11060910,3484,9406,37.571139,127.052014
경기도,의왕시,오전동,31170530,2421,9405,37.359221,126.983886
경기도,안산시 상록구,반월동,31091710,1665,9404,37.303187,126.906174
인천광역시,서구,청라3동,23080790,2061,9335,37.533874,126.620157
경기도,파주시,운정1동,31200512,3072,9332,37.731691,126.759869
경기도,구리시,수택3동,31120580,2066,9326,37.580706,127.148893
경기도,용인시 기흥구,구성동,31192560,2489,9301,37.295381,127.141344
경기도,수원시 권선구,곡선동,31012610,2762,9257,37.240473,127.031779
경기도,용인시 처인구,유림동,31191530,2139,9256,37.253525,127.212471
인천광역시,서구,검단동,23080800,2913,9195,37.612355,126.652499
서울특별시,중랑구,상봉2동,11070600,3321,9176,37.595223,127.083996
경기도,구리시,인창동,31120530,1843,9145,37.60961,127.127661
서울특별시,강동구,성내3동,11250670,3097,9124,37.528345,127.133769
서울특별시,송파구,장지동,11240810,1693,9122,37.482879,127.130507
서울특별시,성북구,석관동,11080850,2715,9117,37.608273,127.061263
경기도,시흥시,정왕본동,31150640,3624,9110,37.358019,126.752172
경기도,안양시 만안구,석수2동,31041610,2048,9097,37.419278,126.901394
서울특별시,노원구,상계1동,11110650,2545,9088,37.683315,127.065143
경기도,용인시 수지구,풍덕천1동,31193510,3116,9043,37.327933,127.094741
서울특별시,금천구,시흥3동,11180590,3609,9031,37.440051,126.906044
경기도,파주시,금촌2동,31200520,2868,8965,37.75175,126.776708
서울특별시,관악구,낙성대동,11210580,1921,8937,37.46771,126.959789
경기도,파주시,운정2동,31200570,3505,8927,37.726771,126.740298
서울특별시,강북구,송중동,11090710,2718,8875,37.617696,127.034115
경기도,시흥시,연성동,31150700,2526,8847,37.388576,126.805572
서울특별시,관악구,서원동,11210640,1722,8824,37.482423,126.933499
경기도,화성시,비봉면,31240330,2101,8824,37.232025,126.871673
경기도,용인시 처인구,백암면,31191350,2048,8798,37.143777,127.37982
경기도,이천시,호법면,31210330,1537,8790,37.21518,127.411997
서울특별시,종로구,혜화동,11010730,2234,8778,37.587378,126.997493
서울특별시,영등포구,대림3동,11190720,2754,8777,37.499856,126.897244
경기도,고양시 덕양구,행신2동,31101660,2609,8746,37.60732,126.842461
서울특별시,성동구,행당1동,11040560,1480,8735,37.559026,127.036088
경기도,군포시,군포2동,31160520,2405,8727,37.334634,126.937173
경기도,남양주시,평내동,31130520,2692,8723,37.646377,127.235086
경기도,포천시,포천동,31270510,2449,8665,37.894308,127.181927
서울특별시,마포구,연남동,11140710,3044,8652,37.563063,126.92151
서울특별시,중구,다산동,11020700,2029,8649,37.554939,127.008353
서울특별시,구로구,개봉3동,11170650,1179,8646,37.486545,126.851518
서울특별시,노원구,하계1동,11110580,1433,8645,37.638609,127.075185
경기도,시흥시,과림동,31150590,2849,8645,37.43247,126.834894
경기도,여주시,중앙동,31280520,2194,8645,37.274673,127.618143
경기도,용인시 수지구,성복동,31193590,2677,8631,37.319221,127.060568
인천광역시,계양구,계산1동,23070530,2620,8630,37.54072,126.718272
경기도,안산시 상록구,해양동,31091780,1673,8628,37.292858,126.831951
인천광역시,미추홀구,학익1동,23090600,2117,8628,37.438916,126.651972
경기도,양주시,회천2동,31260540,2342,8625,37.82526,127.047415
경기도,광주시,탄벌동,31250570,3040,8618,37.430997,127.226861
인천광역시,남동구,간석3동,23050570,2657,8581,37.469378,126.715487
경기도,양주시,남면,31260320,1677,8574,37.896067,126.979808
인천광역시,동구,송림4동,23020610,3891,8563,37.479463,126.651412
서울특별시,성북구,종암동,11080840,2637,8554,37.597406,127.033947
서울특별시,송파구,잠실3동,11240800,1899,8534,37.513865,127.096499
경기도,과천시,별양동,31110530,1255,8501,37.427572,126.994415
경기도,남양주시,금곡동,31130530,2255,8500,37.631992,127.21213
경기도,용인시 처인구,동부동,31191540,2434,8482,37.203784,127.251606
경기도,군포시,산본1동,31160540,2397,8459,37.372865,126.939802
경기도,안산시 상록구,월피동,31091580,2817,8433,37.344631,126.847682
서울특별시,은평구,역촌동,11120740,3160,8431,37.604663,126.914798
경기도,수원시 팔달구,행궁동,31013720,3048,8422,37.281938,127.01635
경기도,고양시 덕양구,관산동,31101600,2802,8394,37.709648,126.863828
경기도,수원시 장안구,송죽동,31011590,2534,8375,37.309882,127.00351
경기도,성남시 분당구,운중동,31023680,2008,8375,37.381913,127.058417
경기도,하남시,미사2동,31180630,3391,8360,37.579886,127.187755
경기도,고양시 일산서구,가좌동,31104514,2611,8303,37.685746,126.698538
경기도,시흥시,신현동,31150530,2483,8269,37.412837,126.774861
인천광역시,부평구,갈산1동,23060630,2461,8250,37.518702,126.726763
경기도,용인시 처인구,역북동,31191550,2482,8189,37.241154,127.18626
경기도,포천시,내촌면,31270320,1880,8170,37.797585,127.235342
경기도,포천시,신북면,31270340,1582,8138,37.944895,127.17125
경기도,고양시 덕양구,고양동,31101590,2274,8108,37.709138,126.904232
경기도,이천시,신둔면,31210310,1949,8107,37.313639,127.410359
서울특별시,은평구,응암1동,11120590,2494,8104,37.599252,126.927052
경기도,수원시 장안구,영화동,31011580,2641,8090,37.292221,127.013757
인천광역시,미추홀구,주안6동,23090700,2300,8080,37.461001,126.690812
경기도,부천시 오정구,성곡동,31053511,2623,8078,37.513546,126.80815
인천광역시,연수구,동춘1동,23040570,1407,8068,37.408703,126.659635
경기도,김포시,장기본동,31230620,2384,8054,37.64789,126.663397
인천광역시,동구,송현3동,23020570,2058,8028,37.488544,126.640824
인천광역시,계양구,작전2동,23070570,2133,8014,37.531601,126.721355
경기도,파주시,운정4동,31200514,2837,7939,37.72413,126.775967
서울특별시,구로구,오류2동,11170730,2030,7925,37.485344,126.838238
서울특별시,중구,장충동,11020580,980,7909,37.553475,127.000924
서울특별시,동대문구,청량리동,11060800,1739,7909,37.588933,127.045417
서울특별시,강동구,명일1동,11250530,2509,7906,37.550384,127.145922
서울특별시,동대문구,답십리2동,11060860,2566,7902,37.570722,127.06094
서울특별시,중랑구,면목3·8동,11070720,2567,7897,37.584519,127.098371
서울특별시,강남구,대치1동,11230600,1377,7874,37.49336,127.059086
인천광역시,계양구,효성2동,23070520,1970,7849,37.530192,126.69672
서울특별시,양천구,신정6동,11150690,972,7845,37.515256,126.87209
경기도,고양시 일산서구,주엽2동,31104560,2509,7843,37.672782,126.757234
서울특별시,송파구,방이1동,11240570,1943,7823,37.509841,127.122443
경기도,화성시,동탄3동,31240620,2347,7791,37.207663,127.055502
경기도,하남시,초이동,31180600,1752,7786,37.534185,127.173559
서울특별시,관악구,은천동,11210780,2096,7775,37.487061,126.942151
서울특별시,동대문구,전농1동,11060830,2770,7768,37.579075,127.050902
경기도,연천군,전곡읍,31550120,2554,7764,37.994258,127.037108
경기도,이천시,창전동,31210510,3135,7761,37.283544,127.445411
경기도,동두천시,송내동,31080610,2266,7755,37.880721,127.065042
인천광역시,남동구,간석4동,23050580,2235,7753,37.466675,126.698112
경기도,안산시 상록구,사동,31091760,2409,7727,37.2993,126.850793
서울특별시,중구,중림동,11020680,1239,7724,37.557397,126.966174
인천광역시,연수구,청학동,23040560,2113,7688,37.424792,126.664699
경기도,평택시,서정동,31070520,2571,7645,37.069496,127.053643
경기도,용인시 수지구,풍덕천2동,31193520,1968,7639,37.319856,127.089559
경기도,구리시,갈매동,31120510,3274,7627,37.631581,127.118122
서울특별시,광진구,중곡2동,11050560,2128,7619,37.558864,127.084594
경기도,의정부시,호원1동,31030550,2050,7619,37.706354,127.037066
경기도,수원시 권선구,권선2동,31012640,2274,7609,37.246033,127.024675
경기도,부천시 원미구,중3동,31051661,1880,7570,37.506871,126.77273
인천광역시,남동구,논현1동,23050720,2738,7510,37.409789,126.738765
서울특별시,은평구,대조동,11120580,3199,7509,37.612312,126.923145
경기도,양주시,옥정2동,31260571,2864,7470,37.817748,127.088079
경기도,고양시 덕양구,성사1동,31101540,2277,7449,37.659721,126.845309
경기도,화성시,병점1동,31240530,2134,7439,37.203356,127.034939
인천광역시,미추홀구,학익2동,23090610,1625,7421,37.4433,126.670349
서울특별시,중랑구,면목본동,11070710,3035,7407,37.588292,127.089437
서울특별시,도봉구,창4동,11100620,1644,7402,37.652625,127.05097
인천광역시,미추홀구,용현1·4동,23090760,1711,7377,37.4532,126.659205
서울특별시,송파구,문정1동,11240680,1804,7373,37.489165,127.125805
서울특별시,도봉구,도봉2동,11100650,1603,7365,37.681329,127.047712
경기도,화성시,동탄9동,31240720,1403,7365,37.183627,127.138887
경기도,이천시,대월면,31210350,1228,7340,37.212896,127.497735
경기도,부천시 소사구,옥길동,31052581,2641,7333,37.467741,126.822357
경기도,남양주시,수동면,31130340,1773,7311,37.726235,127.30408
서울특별시,강서구,우장산동,11160740,2340,7306,37.550609,126.841148
경기도,수원시 장안구,정자2동,31011570,2045,7305,37.293157,126.998339
경기도,안성시,양성면,31220360,1749,7277,37.081882,127.214325
서울특별시,중랑구,신내2동,11070700,1304,7275,37.611013,127.091476
인천광역시,서구,가정1동,23080541,2416,7268,37.531105,126.670985
경기도,부천시 원미구,중2동,31051651,1955,7258,37.497095,126.776332
서울특별시,광진구,구의1동,11050600,2526,7251,37.541509,127.085958
경기도,파주시,금촌3동,31200540,1915,7221,37.779919,126.748294
경기도,성남시 분당구,야탑2동,31023640,949,7207,37.408119,127.12744
서울특별시,서초구,반포3동,11220590,1373,7193,37.512368,127.004038
서울특별시,동작구,노량진1동,11200720,2136,7190,37.512179,126.949138
인천광역시,남동구,만수1동,23050590,1406,7172,37.450607,126.735265
서울특별시,강서구,가양3동,11160660,987,7149,37.561715,126.861091
서울특별시,관악구,남현동,11210630,1394,7136,37.464105,126.977829
경기도,부천시 소사구,송내1동,31052531,1817,7133,37.483777,126.75661
경기도,평택시,고덕면,31070330,1542,7122,37.037077,127.029253
경기도,수원시 권선구,호매실동,31012660,2604,7114,37.262499,126.953139
경기도,안양시 만안구,안양1동,31041510,2340,7085,37.399391,126.926227
경기도,남양주시,양정동,31130540,2184,7059,37.610939,127.191624
인천광역시,미추홀구,숭의1·3동,23090750,3550,7054,37.466775,126.645574
서울특별시,강북구,미아동,11090700,2148,7035,37.628653,127.026352
서울특별시,강동구,상일1동,11250760,1559,7015,37.550656,127.164782
인천광역시,연수구,옥련1동,23040510,2536,6994,37.420133,126.649686
경기도,안양시 만안구,안양2동,31041520,2026,6993,37.408885,126.91942
서울특별시,강북구,송천동,11090720,2358,6984,37.618075,127.025048
경기도,고양시 일산동구,정발산동,31103530,2562,6977,37.671893,126.778051
경기도,하남시,춘궁동,31180590,1849,6969,37.506497,127.194295
경기도,용인시 처인구,삼가동,31191560,863,6966,37.240097,127.165485
경기도,광명시,학온동,31060680,1845,6964,37.429427,126.855096
서울특별시,관악구,보라매동,11210520,1783,6940,37.490444,126.935068
서울특별시,도봉구,도봉1동,11100640,1743,6919,37.685384,127.026819
서울특별시,광진구,자양3동,11050660,1736,6904,37.531433,127.07104
인천광역시,남동구,서창2동,23050760,2020,6873,37.426984,126.748288
서울특별시,마포구,신수동,11140630,2171,6862,37.545632,126.934798
서울특별시,동작구,노량진2동,11200520,1907,6862,37.510856,126.938037
서울특별시,용산구,이태원1동,11030650,1821,6841,37.533603,126.993145
인천광역시,서구,가좌4동,23080650,1249,6803,37.48607,126.685995
경기도,부천시 소사구,소사본동,31052551,1978,6798,37.474534,126.79253
경기도,구리시,수택1동,31120560,2507,6794,37.597779,127.149458
서울특별시,은평구,불광1동,11120520,2179,6792,37.616947,126.938565
인천광역시,연수구,연수2동,23040540,2044,6792,37.41328,126.683879
경기도,파주시,법원읍,31200130,1539,6780,37.867062,126.893003
서울특별시,강동구,성내2동,11250660,2335,6776,37.535771,127.127722
경기도,수원시 장안구,조원1동,31011600,1931,6745,37.300607,127.016637
경기도,용인시 처인구,원삼면,31191340,1796,6726,37.163297,127.31346
경기도,수원시 장안구,연무동,31011610,1310,6715,37.324744,127.022893
경기도,용인시 수지구,죽전3동,31193610,1565,6712,37.325184,127.125039
경기도,오산시,신장2동,31140572,1822,6654,37.17368,127.065219
서울특별시,동대문구,이문1동,11060890,1527,6647,37.598328,127.060393
서울특별시,도봉구,창5동,11100630,1778,6624,37.655478,127.042745
인천광역시,부평구,십정1동,23060700,1572,6620,37.478099,126.694722
서울특별시,중랑구,중화2동,11070620,2311,6606,37.599202,127.075092
서울특별시,성북구,보문동,11080610,1626,6604,37.582835,127.019133
서울특별시,광진구,중곡1동,11050550,1995,6590,37.562058,127.077669
경기도,고양시 덕양구,행주동,31101640,1803,6569,37.607543,126.819743
경기도,안성시,안성1동,31220510,1512,6562,37.00423,127.28094
서울특별시,금천구,독산3동,11180540,2337,6532,37.475864,126.904698
경기도,연천군,연천읍,31550110,3412,6528,38.100213,127.114635
서울특별시,은평구,구산동,11120570,1740,6512,37.611079,126.907281
경기도,광명시,하안1동,31060620,1549,6497,37.457368,126.866446
서울특별시,구로구,구로4동,11170550,2315,6493,37.491464,126.890151
경기도,의정부시,가능동,31030680,2212,6465,37.75409,127.026336
인천광역시,미추홀구,숭의2동,23090520,1991,6463,37.461742,126.647542
경기도,오산시,신장1동,31140571,1960,6450,37.172032,127.051081
서울특별시,은평구,갈현2동,11120560,2100,6445,37.617946,126.912439
경기도,고양시 일산서구,탄현1동,31104511,2336,6441,37.694237,126.766412
서울특별시,중랑구,상봉1동,11070590,1778,6440,37.601799,127.090802
서울특별시,마포구,망원1동,11140690,2629,6439,37.554536,126.899759
인천광역시,부평구,일신동,23060690,1332,6431,37.475083,126.748712
경기도,수원시 권선구,구운동,31012570,2288,6407,37.280759,126.97048
경기도,양주시,회천1동,31260530,1660,6403,37.856846,127.075004
서울특별시,서대문구,홍은2동,11130680,1811,6393,37.587202,126.930962
경기도,시흥시,매화동,31150550,1858,6377,37.406313,126.823849
경기도,수원시 권선구,세류2동,31012530,1971,6312,37.244231,127.007267
경기도,가평군,청평면,31570320,2124,6290,37.735165,127.429306
경기도,고양시 덕양구,삼송2동,31101513,1945,6265,37.651858,126.874615
서울특별시,노원구,월계1동,11110510,1576,6237,37.621782,127.058226
서울특별시,강동구,암사1동,11250720,2300,6236,37.552726,127.133401
인천광역시,부평구,청천1동,23060610,1636,6231,37.517925,126.694079
경기도,성남시 분당구,판교동,31023750,1453,6219,37.387814,127.09269
서울특별시,관악구,조원동,11210720,2009,6207,37.483692,126.90735
인천광역시,남동구,간석1동,23050550,1940,6202,37.459586,126.700212
인천광역시,계양구,계양2동,23070610,2393,6200,37.548746,126.740943
경기도,양주시,장흥면,31260340,1637,6187,37.717282,126.963474
경기도,용인시 수지구,죽전2동,31193550,1599,6181,37.330284,127.107574
경기도,수원시 권선구,세류3동,31012540,2095,6172,37.259813,127.015172
경기도,안양시 만안구,박달2동,31041640,1169,6168,37.396173,126.888427
인천광역시,미추홀구,주안4동,23090680,1424,6165,37.454449,126.687061
경기도,성남시 중원구,하대원동,31022600,1793,6144,37.428114,127.145854
서울특별시,성북구,성북동,11080810,1733,6133,37.596692,126.994077
서울특별시,양천구,신정7동,11150700,1393,6132,37.509694,126.865359
경기도,평택시,동삭동,31070680,1942,6130,37.016922,127.098197
경기도,화성시,기배동,31240560,1587,6126,37.223988,126.988552
서울특별시,강북구,인수동,11090750,1876,6124,37.6375,127.003593
경기도,안성시,죽산면,31220400,1198,6091,37.048721,127.42185
서울특별시,종로구,숭인2동,11010710,2234,6085,37.574331,127.020365
경기도,의정부시,호원2동,31030650,2005,6036,37.721127,127.030359
경기도,화성시,동탄4동,31240640,2028,6032,37.195611,127.111743
경기도,안산시 단원구,선부3동,31092700,2096,6018,37.354171,126.822657
서울특별시,동작구,사당2동,11200730,2091,6011,37.49728,126.974894
서울특별시,구로구,수궁동,11170690,1487,6010,37.498327,126.825973
서울특별시,광진구,능동,11050590,1103,5980,37.550571,127.081787
서울특별시,양천구,신정1동,11150640,1478,5980,37.519822,126.859649
서울특별시,관악구,행운동,11210570,1909,5967,37.480892,126.960577
경기도,용인시 수지구,신봉동,31193530,2051,5922,37.332351,127.057511
서울특별시,광진구,자양4동,11050670,2015,5913,37.533718,127.062481
서울특별시,용산구,원효로2동,11030570,1459,5904,37.534728,126.95247
경기도,이천시,관고동,31210530,1578,5903,37.287614,127.421694
서울특별시,중랑구,면목2동,11070520,2180,5899,37.589261,127.077958
서울특별시,노원구,상계5동,11110690,2500,5882,37.665811,127.070041
경기도,안양시 동안구,비산3동,31042530,1833,5851,37.419864,126.951522
서울특별시,노원구,중계본동,11110600,1531,5821,37.648635,127.086078
서울특별시,관악구,신림동,11210690,2137,5820,37.487563,126.928381
경기도,동두천시,소요동,31080580,844,5809,37.94779,127.05627
서울특별시,서대문구,홍제1동,11130620,1429,5803,37.585832,126.944247
서울특별시,송파구,위례동,11240820,1466,5786,37.480913,127.141714
서울특별시,광진구,자양2동,11050650,1923,5780,37.529113,127.082801
서울특별시,광진구,중곡3동,11050570,1585,5779,37.567886,127.08186
경기도,수원시 팔달구,우만1동,31013540,1774,5764,37.287812,127.03346
경기도,의정부시,송산2동,31030700,1965,5747,37.739723,127.093914
서울특별시,영등포구,영등포본동,11190730,1610,5725,37.515357,126.909171
경기도,부천시 원미구,약대동,31051631,1550,5724,37.513419,126.769068
경기도,용인시 기흥구,상하동,31192600,1372,5696,37.261603,127.143624
인천광역시,부평구,십정2동,23060710,2331,5690,37.473069,126.702602
경기도,고양시 덕양구,원신동,31101520,1602,5687,37.671409,126.864721
서울특별시,구로구,개봉1동,11170720,2187,5685,37.50001,126.851424
서울특별시,은평구,응암3동,11120730,2178,5684,37.58884,126.917595
경기도,안산시 상록구,본오3동,31091560,1882,5679,37.301075,126.867398
서울특별시,서대문구,남가좌2동,11130700,1828,5672,37.578151,126.921325
경기도,시흥시,월곶동,31150690,1841,5671,37.383882,126.758343
경기도,고양시 일산동구,중산2동,31103512,1565,5654,37.68104,126.786683
경기도,광주시,신현동,31250513,2708,5652,37.366226,127.161561
서울특별시,광진구,구의2동,11050610,1690,5644,37.551117,127.093683
서울특별시,강남구,일원1동,11230730,1115,5643,37.495281,127.089144
서울특별시,성북구,정릉3동,11080640,874,5640,37.612108,126.994664
서울특별시,성북구,길음2동,11080680,1609,5638,37.608132,127.027207
경기도,안산시 상록구,사이동,31091770,1824,5632,37.284331,126.844898
경기도,군포시,재궁동,31160570,1249,5623,37.358594,126.937378
인천광역시,남동구,간석2동,23050561,1597,5604,37.461301,126.711286
경기도,광명시,하안3동,31060640,1649,5603,37.459894,126.882278
서울특별시,강북구,수유1동,11090630,1771,5602,37.629793,127.009821
경기도,고양시 일산서구,송포동,31104580,1650,5593,37.667016,126.722675
서울특별시,중랑구,묵1동,11070640,2043,5587,37.614601,127.081395
경기도,가평군,설악면,31570310,1538,5583,37.6533,127.49907
경기도,시흥시,능곡동,31150670,1883,5582,37.364961,126.808738
서울특별시,중구,황학동,11020670,2405,5555,37.569358,127.020816
경기도,이천시,백사면,31210320,1191,5549,37.325579,127.482595
경기도,안산시 단원구,선부2동,31092690,2128,5545,37.34523,126.801015
인천광역시,남동구,구월4동,23050540,1857,5542,37.448432,126.722557
인천광역시,부평구,삼산1동,23060650,1985,5537,37.520392,126.7469
경기도,부천시 원미구,상1동,31051681,1837,5517,37.492982,126.751281
경기도,안양시 만안구,석수1동,31041600,1281,5502,37.428633,126.926728
경기도,수원시 팔달구,화서2동,31013710,1353,5501,37.284463,126.99076
서울특별시,강동구,명일2동,11250540,1465,5499,37.548518,127.151999
인천광역시,계양구,계산2동,23070540,1395,5492,37.548547,126.720194
서울특별시,종로구,창신1동,11010670,2502,5490,37.572393,127.013719
경기도,성남시 중원구,상대원2동,31022580,1100,5483,37.435271,127.157983
경기도,부천시 소사구,역곡3동,31052601,1793,5483,37.48264,126.815991
경기도,성남시 중원구,금광2동,31022540,2119,5477,37.449657,127.167664
경기도,고양시 덕양구,화전동,31101670,1886,5448,37.603559,126.88372
경기도,안양시 동안구,부흥동,31042540,1756,5445,37.393977,126.94596
경기도,동두천시,불현동,31080560,1655,5443,37.892573,127.108668
경기도,안산시 상록구,일동,31091510,1525,5442,37.313266,126.869903
경기도,안성시,일죽면,31220390,1550,5432,37.098258,127.468862
인천광역시,남동구,장수서창동,23050750,1584,5424,37.451174,126.760731
서울특별시,성북구,월곡1동,11080710,1652,5415,37.607917,127.036544
서울특별시,동대문구,휘경2동,11060730,1109,5403,37.588483,127.064676
경기도,시흥시,장곡동,31150710,1638,5400,37.382712,126.78351
경기도,안양시 만안구,안양8동,31041580,920,5394,37.382067,126.930132
경기도,안양시 동안구,달안동,31042550,1033,5393,37.395982,126.950622
서울특별시,종로구,청운효자동,11010720,1428,5392,37.584427,126.969911
경기도,평택시,송북동,31070560,1791,5383,37.079014,127.077855
서울특별시,동작구,상도2동,11200540,1634,5372,37.503529,126.942131
경기도,화성시,동탄2동,31240600,1590,5367,37.192382,127.074622
서울특별시,노원구,중계2·3동,11110780,1740,5366,37.643371,127.065988
경기도,수원시 팔달구,지동,31013530,1027,5363,37.280413,127.024967
경기도,용인시 기흥구,동백3동,31192690,1098,5363,37.277145,127.147285
경기도,안양시 만안구,안양4동,31041540,1753,5356,37.397812,126.918681
서울특별시,용산구,서빙고동,11030690,693,5346,37.519569,126.989008
서울특별시,관악구,중앙동,11210610,1565,5341,37.485025,126.95005
인천광역시,부평구,부평6동,23060560,1147,5334,37.486328,126.727096
서울특별시,강동구,천호1동,11250610,2047,5332,37.546746,127.137947
인천광역시,계양구,계산3동,23070550,983,5325,37.539528,126.731687
경기도,성남시 수정구,수진2동,31021590,1439,5320,37.43731,127.126052
서울특별시,강북구,우이동,11090740,1361,5313,37.6603,127.00046
서울특별시,양천구,목3동,11150530,1772,5280,37.545227,126.865533
경기도,부천시 소사구,송내2동,31052541,1531,5279,37.481247,126.768511
경기도,군포시,산본2동,31160550,1411,5276,37.371989,126.931925
인천광역시,서구,원당동,23080870,1755,5272,37.592766,126.697203
경기도,안양시 동안구,호계3동,31042640,1504,5264,37.367238,126.960465
인천광역시,미추홀구,도화1동,23090620,1724,5254,37.462192,126.670242
서울특별시,관악구,미성동,11210830,1821,5250,37.475981,126.915543
경기도,시흥시,배곧1동,31150740,2004,5234,37.376799,126.730447
서울특별시,강동구,고덕2동,11250560,1157,5221,37.564961,127.162068
경기도,양주시,양주1동,31260510,1133,5202,37.785651,127.03446
경기도,성남시 분당구,이매1동,31023600,1309,5199,37.395275,127.133502
서울특별시,구로구,오류1동,11170670,1563,5197,37.496856,126.8417
경기도,하남시,감북동,31180660,1193,5183,37.518886,127.162842
인천광역시,미추홀구,관교동,23090730,1438,5163,37.44281,126.695948
서울특별시,양천구,신월1동,11150570,1899,5159,37.531283,126.834482
경기도,안산시 단원구,와동,31092590,2230,5150,37.339763,126.826783
서울특별시,서대문구,북가좌2동,11130720,2025,5148,37.581176,126.913328
서울특별시,동대문구,전농2동,11060840,1128,5146,37.58079,127.060994
경기도,고양시 일산서구,주엽1동,31104550,1839,5142,37.669646,126.764523
경기도,고양시 덕양구,주교동,31101510,1222,5141,37.661605,126.827708
경기도,의정부시,흥선동,31030670,1413,5140,37.738997,127.018238
경기도,의정부시,신곡1동,31030570,1877,5135,37.731299,127.06442
경기도,의정부시,녹양동,31030640,1436,5132,37.761481,127.030717
서울특별시,양천구,신월7동,11150630,1340,5129,37.520484,126.831126
서울특별시,종로구,삼청동,11010540,963,5114,37.589439,126.982278
경기도,이천시,모가면,31210360,925,5089,37.170657,127.456779
서울특별시,송파구,오륜동,11240590,767,5085,37.517513,127.128707
서울특별시,은평구,신사1동,11120650,1733,5042,37.601072,126.908527
경기도,안산시 상록구,본오2동,31091550,1979,5042,37.295564,126.870006
경기도,시흥시,군자동,31150680,1676,5039,37.356695,126.77994
서울특별시,중구,청구동,11020720,1223,5004,37.557661,127.014947
서울특별시,마포구,염리동,11140610,987,5002,37.549929,126.947502
서울특별시,양천구,신월3동,11150590,1178,4993,37.535095,126.826321
인천광역시,서구,석남1동,23080580,1966,4988,37.511355,126.66825
인천광역시,서구,당하동,23080850,1408,4964,37.588962,126.678883
경기도,광명시,광명6동,31060560,1308,4963,37.467185,126.837199
경기도,안성시,서운면,31220330,735,4949,36.93664,127.26722
경기도,광주시,능평동,31250514,1910,4945,37.352326,127.167619
서울특별시,양천구,목2동,11150520,1839,4944,37.543596,126.874139
경기도,여주시,오학동,31280530,1711,4944,37.316535,127.649132
경기도,안양시 동안구,귀인동,31042610,1580,4924,37.385169,126.967069
경기도,성남시 수정구,고등동,31021650,1291,4921,37.430876,127.080826
경기도,평택시,오성면,31070340,959,4919,37.003495,126.991314
인천광역시,연수구,동춘2동,23040580,1187,4909,37.400959,126.670963
경기도,부천시 원미구,중동,31051611,1848,4904,37.492151,126.768167
서울특별시,중랑구,면목4동,11070540,2445,4901,37.573623,127.085463
경기도,오산시,초평동,31140560,934,4898,37.142769,127.045691
서울특별시,성북구,정릉4동,11080650,1362,4894,37.624132,126.994696
경기도,양평군,용문면,31580400,1893,4881,37.519839,127.588144
인천광역시,계양구,효성1동,23070510,1619,4879,37.534191,126.708278
서울특별시,도봉구,쌍문3동,11100530,1195,4864,37.647692,127.029484
경기도,안양시 만안구,안양3동,31041530,1315,4857,37.397971,126.910557
경기도,안산시 단원구,대부동,31092720,1927,4836,37.249561,126.601216
경기도,성남시 수정구,태평1동,31021540,1621,4832,37.445748,127.123579
서울특별시,은평구,갈현1동,11120550,1661,4829,37.625168,126.914739
서울특별시,영등포구,신길6동,11190680,1585,4828,37.499038,126.913632
인천광역시,계양구,작전1동,23070560,1574,4799,37.529412,126.729821
경기도,성남시 분당구,정자동,31023780,1665,4797,37.36681,127.111111
경기도,화성시,동탄8동,31240710,1547,4785,37.154966,127.111793
경기도,안양시 만안구,안양5동,31041550,973,4782,37.392233,126.92226
서울특별시,구로구,고척2동,11170620,2006,4775,37.505944,126.853488
경기도,수원시 팔달구,우만2동,31013550,1145,4773,37.280134,127.038573
서울특별시,도봉구,쌍문2동,11100520,1423,4762,37.657894,127.036075
서울특별시,성동구,옥수동,11040730,1322,4749,37.540865,127.020489
경기도,부천시 원미구,심곡1동,31051511,1247,4739,37.492506,126.781976
인천광역시,중구,영종동,23010650,1831,4737,37.496848,126.532682
경기도,수원시 팔달구,화서1동,31013700,1967,4710,37.281641,127.001258
경기도,화성시,병점2동,31240540,1619,4706,37.210417,127.044937
서울특별시,마포구,망원2동,11140700,1830,4697,37.559893,126.900248
서울특별시,영등포구,대림1동,11190700,1306,4688,37.493786,126.905279
서울특별시,송파구,거여2동,11240540,1132,4688,37.492061,127.14717
서울특별시,영등포구,대림2동,11190710,2021,4669,37.489607,126.900516
경기도,안산시 상록구,안산동,31091730,1326,4660,37.358443,126.87664
경기도,안성시,보개면,31220310,850,4649,37.056146,127.313858
경기도,양주시,회천3동,31260550,1524,4640,37.825886,127.06758
인천광역시,계양구,계양3동,23070640,1557,4640,37.569323,126.76508
서울특별시,노원구,상계3·4동,11110760,1647,4631,37.675803,127.084238
경기도,안양시 동안구,평안동,31042600,793,4619,37.390238,126.963803
경기도,남양주시,별내면,31130310,1490,4616,37.70996,127.126297
서울특별시,강서구,방화3동,11160761,992,4609,37.582157,126.817562
서울특별시,중구,약수동,11020710,1206,4608,37.550224,127.010354
경기도,안산시 상록구,부곡동,31091570,1526,4599,37.334725,126.869318
경기도,평택시,용이동,31070660,1317,4593,37.001047,127.140202
서울특별시,동작구,사당3동,11200650,1290,4590,37.488798,126.97087
인천광역시,서구,마전동,23080860,1437,4575,37.596353,126.673739
인천광역시,부평구,부개3동,23060680,1646,4569,37.502255,126.738167
경기도,성남시 수정구,신흥3동,31021530,1481,4566,37.443845,127.146572
경기도,양주시,옥정1동,31260561,1360,4562,37.836954,127.100996
서울특별시,양천구,목4동,11150540,1897,4547,37.535427,126.866896
경기도,이천시,장호원읍,31210110,1617,4544,37.134605,127.596421
경기도,용인시 수지구,상현2동,31193580,1663,4540,37.305482,127.087639
서울특별시,강서구,화곡3동,11160580,1599,4533,37.544433,126.834286
서울특별시,강동구,강일동,11250750,1188,4533,37.568986,127.173385
인천광역시,연수구,동춘3동,23040590,875,4522,37.407878,126.678152
인천광역시,남동구,구월2동,23050521,1342,4505,127.203517,128.531316
서울특별시,관악구,인헌동,11210620,1415,4488,37.469611,126.967579
서울특별시,용산구,후암동,11030510,1216,4486,37.549655,126.980448
경기도,수원시 장안구,정자1동,31011560,1327,4480,37.304494,126.989316
인천광역시,계양구,계양1동,23070630,1353,4479,37.571723,126.726022
서울특별시,송파구,잠실2동,11240790,1187,4478,37.517437,127.079313
경기도,고양시 일산서구,일산3동,31104530,1672,4474,37.680527,126.767749
서울특별시,은평구,불광2동,11120720,1690,4463,37.624443,126.928615
경기도,고양시 일산동구,중산1동,31103511,1704,4448,37.690922,126.782846
서울특별시,양천구,신월2동,11150580,1289,4435,37.525184,126.846328
서울특별시,중랑구,면목7동,11070570,1723,4434,37.578912,127.092796
서울특별시,강북구,수유2동,11090640,1628,4434,37.645416,127.019387
서울특별시,송파구,마천2동,11240560,1461,4428,37.500427,127.150683
경기도,부천시 소사구,심곡본동,31052521,1734,4425,37.478612,126.782821
인천광역시,서구,불로대곡동,23080810,1570,4417,37.617794,126.677286
서울특별시,광진구,중곡4동,11050580,1621,4416,37.563865,127.094463
경기도,부천시 원미구,소사동,31051551,555,4416,37.485989,126.795329
경기도,부천시 소사구,소사본1동,31052561,1779,4405,37.47129,126.800375
인천광역시,미추홀구,주안8동,23090720,1311,4404,37.448604,126.685134
경기도,성남시 수정구,신흥1동,31021510,1387,4389,37.440879,127.140515
인천광역시,부평구,산곡2동,23060580,1510,4375,37.503652,126.705422
서울특별시,구로구,가리봉동,11170700,1091,4355,37.483459,126.888203
인천광역시,동구,송림6동,23020630,903,4340,37.481711,126.648152
서울특별시,영등포구,신길1동,11190630,1371,4337,37.512139,126.918339
서울특별시,노원구,월계3동,11110530,1129,4312,37.625296,127.065322
서울특별시,관악구,신사동,11210680,1773,4309,37.485794,126.918656
서울특별시,중구,동화동,11020730,1269,4303,37.561426,127.018659
서울특별시,강서구,화곡본동,11160550,1766,4292,37.542671,126.848111
경기도,광명시,소하2동,31060690,1469,4280,37.435067,126.876525
경기도,고양시 일산동구,마두2동,31103570,1474,4279,37.654297,126.782121
서울특별시,동작구,신대방1동,11200690,1342,4273,37.489971,126.910151
서울특별시,양천구,신정2동,11150650,1477,4271,37.519046,126.874752
서울특별시,금천구,독산2동,11180530,1345,4264,37.463954,126.900484
서울특별시,양천구,신월5동,11150610,1139,4253,37.540854,126.829382
서울특별시,종로구,평창동,11010560,1240,4248,37.615731,126.968023
서울특별시,도봉구,창2동,11100600,1647,4220,37.642665,127.036838
경기도,부천시 오정구,고강본동,31053521,1731,4218,37.529015,126.820864
경기도,의왕시,내손1동,31170540,1472,4209,37.376831,126.977203
경기도,구리시,수택2동,31120570,2129,4206,37.595039,127.143468
경기도,남양주시,퇴계원읍,31130160,1651,4203,37.653517,127.143109
서울특별시,은평구,증산동,11120670,1220,4201,37.584086,126.905932
경기도,안산시 상록구,성포동,31091620,1063,4181,37.321869,126.84894
서울특별시,서대문구,홍제3동,11130640,1400,4173,37.592438,126.951798
경기도,고양시 덕양구,능곡동,31101610,1400,4172,37.627697,126.799829
인천광역시,연수구,연수1동,23040530,1778,4170,37.425106,126.67993
서울특별시,성북구,길음1동,11080660,1525,4161,37.608273,127.019672
서울특별시,중랑구,묵2동,11070650,1795,4148,37.610756,127.074664
경기도,하남시,감일동,31180670,1404,4138,37.503019,127.161838
경기도,수원시 영통구,매탄2동,31014520,1140,4135,37.271413,127.051552
경기도,고양시 덕양구,대덕동,31101680,840,4130,37.589612,126.856186
서울특별시,동대문구,휘경1동,11060720,1272,4129,37.59296,127.061557
서울특별시,노원구,중계1동,11110610,1299,4129,37.650302,127.073509
경기도,성남시 분당구,정자3동,31023560,626,4129,37.357592,127.123037
인천광역시,중구,개항동,23010670,976,4129,37.47607,126.608033
서울특별시,종로구,부암동,11010550,885,4117,37.596945,126.963524
서울특별시,강남구,개포2동,11230800,1290,4108,37.484762,127.069056
서울특별시,노원구,중계4동,11110640,1259,4098,37.659303,127.082448
인천광역시,남동구,만수5동,23050630,1598,4094,37.457426,126.726354
인천광역시,서구,아라동,23080880,1322,4057,37.591193,126.711288
서울특별시,중랑구,중화1동,11070610,1378,4020,37.604197,127.083221
경기도,여주시,북내면,31280370,2046,4004,37.356229,127.68915
서울특별시,중랑구,망우3동,11070680,1296,3996,37.591953,127.10284
서울특별시,도봉구,쌍문1동,11100510,1119,3993,37.653024,127.019418
경기도,성남시 수정구,태평2동,31021550,1057,3989,37.447609,127.13639
경기도,고양시 덕양구,삼송1동,31101512,1588,3981,37.663346,126.907002
인천광역시,옹진군,영흥면,23520370,1096,3981,37.257918,126.45841
경기도,광주시,광남2동,31250590,1531,3970,37.384028,127.227619
서울특별시,강서구,화곡4동,11160590,1671,3966,37.536181,126.859634
경기도,이천시,설성면,31210370,1695,3964,37.139608,127.523105
경기도,수원시 영통구,망포2동,31014680,1187,3955,37.23984,127.047612
인천광역시,중구,동인천동,23010580,1466,3951,37.475251,126.629949
경기도,수원시 팔달구,매교동,31013670,1168,3939,37.269313,127.014931
서울특별시,중구,신당5동,11020650,1516,3910,37.56537,127.022065
경기도,포천시,영중면,31270360,1223,3909,38.002587,127.252045
경기도,광명시,광명3동,31060530,1476,3902,37.48146,126.856188
경기도,부천시 원미구,역곡1동,31051571,1398,3885,37.492324,126.810371
서울특별시,강북구,삼양동,11090690,1314,3872,37.62391,127.015004
서울특별시,용산구,이촌1동,11030630,1405,3871,37.515175,126.971702
경기도,고양시 일산서구,일산2동,31104520,1631,3868,37.685655,126.773528
서울특별시,송파구,송파2동,11240620,1211,3866,37.502883,127.117013
경기도,부천시 오정구,원종1동,31053541,1703,3859,37.530324,126.804068
서울특별시,강서구,화곡8동,11160630,1550,3856,37.536109,126.848112
경기도,김포시,마산동,31230640,1672,3831,37.639225,126.641585
경기도,수원시 영통구,영통1동,31014640,1261,3826,37.260216,127.07565
인천광역시,연수구,옥련2동,23040600,1267,3799,37.4287,126.64656
인천광역시,중구,영종2동,23010691,1588,3788,37.495673,126.569338
경기도,광명시,광명7동,31060570,1127,3786,37.465451,126.851191
경기도,용인시 기흥구,동백1동,31192670,1373,3786,37.285785,127.164369
경기도,오산시,대원2동,31140582,1030,3783,37.138711,127.087071
경기도,수원시 장안구,조원2동,31011630,872,3764,37.30957,127.013036
서울특별시,성북구,장위2동,11080770,1368,3761,37.612258,127.052085
경기도,안산시 단원구,선부1동,31092680,1037,3743,37.332111,126.80809
인천광역시,연수구,선학동,23040520,1154,3738,37.429509,126.697661
서울특별시,강서구,등촌2동,11160530,1069,3728,37.545822,126.858985
인천광역시,동구,화수2동,23020530,319,3715,37.485059,126.63376
경기도,양평군,양서면,31580330,1282,3708,37.541264,127.380294
경기도,용인시 기흥구,상갈동,31192650,888,3704,37.265512,127.11117
경기도,성남시 수정구,신흥2동,31021520,1093,3694,37.449667,127.149212
서울특별시,강동구,암사2동,11250580,1074,3684,37.557058,127.123676
경기도,수원시 영통구,망포1동,31014670,1275,3668,37.239215,127.058597
경기도,안성시,삼죽면,31220410,1222,3657,37.067926,127.366609
경기도,성남시 수정구,단대동,31021600,936,3652,37.454855,127.157204
서울특별시,서대문구,북가좌1동,11130710,1411,3650,37.575641,126.907857
경기도,부천시 원미구,중4동,31051671,845,3642,37.50884,126.763241
서울특별시,금천구,시흥5동,11180610,1263,3614,37.447306,126.911323
경기도,포천시,일동면,31270370,1134,3613,37.964295,127.324351
경기도,여주시,대신면,31280360,1694,3606,37.377609,127.602514
경기도,고양시 덕양구,행신1동,31101650,1267,3602,37.622703,126.833962
서울특별시,동작구,상도3동,11200550,1323,3600,37.497788,126.932817
서울특별시,구로구,항동,11170740,1172,3586,37.480915,126.824829
경기도,파주시,적성면,31200370,1250,3575,37.958328,126.931081
인천광역시,남동구,만수2동,23050600,1544,3572,37.465294,126.735884
경기도,안산시 단원구,백운동,31092780,1299,3567,37.324019,126.799237
서울특별시,구로구,개봉2동,11170640,1454,3566,37.493556,126.856276
인천광역시,부평구,부평3동,23060530,1215,3562,37.484303,126.707199
인천광역시,부평구,부개1동,23060660,1351,3553,37.483879,126.735899
경기도,고양시 덕양구,효자동,31101560,936,3547,37.662873,126.958605
경기도,고양시 덕양구,행신4동,31101515,1096,3546,37.619656,126.848358
경기도,부천시 오정구,원종2동,31053551,1493,3520,37.525446,126.800809
경기도,부천시 소사구,괴안동,31052591,1303,3507,37.478745,126.806537
서울특별시,송파구,거여1동,11240530,1071,3502,37.494295,127.140598
경기도,광주시,퇴촌면,31250350,1818,3502,37.454036,127.33999
서울특별시,강북구,번2동,11090610,715,3495,37.629578,127.034744
경기도,가평군,조종면,31570360,1096,3475,37.867105,127.371685
서울특별시,양천구,신월4동,11150600,1248,3460,37.522272,126.839801
서울특별시,노원구,월계2동,11110520,978,3441,37.634014,127.051297
경기도,안양시 동안구,비산1동,31042510,926,3430,37.407267,126.933342
경기도,평택시,원평동,31070600,1041,3415,36.99245,127.07294
서울특별시,은평구,신사2동,11120660,1133,3398,37.592885,126.906225
경기도,성남시 분당구,분당동,31023510,835,3394,37.368827,127.144586
서울특별시,도봉구,창1동,11100590,1405,3384,37.648978,127.044734
경기도,고양시 덕양구,행신3동,31101514,1186,3359,37.625178,126.839742
서울특별시,성북구,정릉2동,11080630,1259,3348,37.603792,127.008337
경기도,가평군,상면,31570330,981,3348,37.790704,127.337722
서울특별시,영등포구,신길7동,11190690,894,3335,37.506054,126.919868
경기도,의정부시,장암동,31030560,895,3325,37.707202,127.063177
인천광역시,연수구,송도5동,23040690,1271,3325,37.417416,126.619567
서울특별시,서대문구,천연동,11130520,1072,3318,37.571315,126.956562
서울특별시,중랑구,면목5동,11070550,1049,3293,37.582558,127.0788
경기도,화성시,새솔동,31240670,1439,3279,37.282294,126.819354
경기도,동두천시,중앙동,31080530,1149,3275,37.908351,127.054494
서울특별시,강서구,가양2동,11160650,771,3266,37.566807,126.854355
인천광역시,미추홀구,용현2동,23090560,1405,3260,37.456979,126.643299
경기도,성남시 분당구,서현2동,31023590,1172,3238,37.375133,127.137474
서울특별시,동작구,상도4동,11200560,1306,3188,37.497461,126.941746
경기도,하남시,위례동,31180650,1102,3187,37.487904,127.15901
인천광역시,미추홀구,주안2동,23090660,1265,3184,37.455317,126.671901
경기도,부천시 원미구,원미2동,31051541,1129,3165,37.490773,126.790555
인천광역시,동구,만석동,23020510,656,3152,37.486342,126.623294
경기도,부천시 소사구,심곡본1동,31052511,1333,3148,37.479904,126.775842
경기도,평택시,통복동,31070610,1311,3139,36.997975,127.085575
인천광역시,부평구,부개2동,23060670,1209,3136,37.493104,126.737864
경기도,안양시 만안구,박달1동,31041630,1417,3134,37.404417,126.909082
서울특별시,도봉구,방학3동,11100570,1122,3132,37.66318,127.023547
서울특별시,용산구,이태원2동,11030660,1054,3116,37.541918,126.992059
경기도,안양시 동안구,신촌동,31042660,1019,3115,37.381104,126.957271
경기도,과천시,문원동,31110560,464,3115,37.424717,127.018677
서울특별시,성북구,장위1동,11080760,1454,3107,37.615051,127.044613
인천광역시,강화군,길상면,23510330,1361,3085,37.627124,126.497985
인천광역시,미추홀구,문학동,23090740,996,3079,37.436574,126.685548
경기도,여주시,세종대왕면,31280390,797,3077,37.294042,127.577759
경기도,의정부시,고산동,31030721,926,3056,37.723795,127.1041
서울특별시,금천구,독산4동,11180550,1207,3053,37.470155,126.903963
인천광역시,중구,영종1동,23010681,1333,3049,37.486842,126.558227
경기도,고양시 일산서구,일산1동,31104510,1277,3048,37.687855,126.766271
서울특별시,관악구,성현동,11210790,1122,3030,37.489474,126.951104
경기도,군포시,대야동,31160630,745,3026,37.335236,126.899962
경기도,하남시,신장1동,31180520,1052,3026,37.539907,127.2073
서울특별시,성북구,돈암2동,11080590,881,3018,37.59718,127.011394
서울특별시,양천구,신월6동,11150620,1187,3010,37.516842,126.84218
서울특별시,강북구,번3동,11090620,799,3005,37.623667,127.042169
인천광역시,미추홀구,주안7동,23090710,1278,2991,37.447057,126.677848
서울특별시,영등포구,도림동,11190750,1472,2980,37.509902,126.898193
서울특별시,강북구,삼각산동,11090730,1251,2961,37.618058,127.016459
서울특별시,구로구,구로1동,11170520,1002,2950,37.493154,126.875329
서울특별시,관악구,서림동,11210660,1139,2923,37.473709,126.941515
서울특별시,송파구,마천1동,11240550,1144,2919,37.495396,127.15616
경기도,화성시,매송면,31240310,928,2913,37.263617,126.906463
서울특별시,성동구,송정동,11040690,859,2885,37.55765,127.072735
서울특별시,은평구,응암2동,11120600,1254,2845,37.592219,126.922825
서울특별시,성동구,금호2·3가동,11040720,1381,2834,37.551499,127.019957
경기도,성남시 수정구,수진1동,31021580,1340,2814,37.438566,127.135688
경기도,시흥시,정왕4동,31150720,1072,2805,37.364402,126.731251
서울특별시,강동구,고덕1동,11250550,989,2798,37.561742,127.152084
경기도,여주시,점동면,31280310,613,2797,37.191119,127.684016
경기도,부천시 원미구,심곡3동,31051531,1058,2793,37.489812,126.774717
인천광역시,부평구,갈산2동,23060640,1165,2786,37.511384,126.726849
서울특별시,영등포구,신길3동,11190650,1109,2784,37.50724,126.904641
서울특별시,도봉구,방학2동,11100560,1285,2774,37.669293,127.032874
인천광역시,서구,가좌2동,23080630,1024,2755,37.494848,126.685854
인천광역시,연수구,연수3동,23040550,464,2752,37.419557,126.688309
서울특별시,관악구,삼성동,11210820,1020,2751,37.460612,126.930136
서울특별시,관악구,난곡동,11210810,1159,2746,37.470601,126.921171
경기도,수원시 권선구,입북동,31012620,1071,2741,37.290213,126.948301
경기도,동두천시,생연2동,31080520,1065,2729,37.900038,127.051245
서울특별시,강서구,화곡2동,11160570,1128,2724,37.532268,126.854359
경기도,동두천시,상패동,31080600,639,2722,37.9091,127.031465
서울특별시,서대문구,남가좌1동,11130690,901,2721,37.571961,126.91622
경기도,광명시,광명4동,31060540,972,2709,37.478919,126.85483
경기도,의왕시,내손2동,31170550,1022,2704,37.386112,126.982539
경기도,부천시 원미구,역곡2동,31051581,1243,2701,37.487761,126.803875
서울특별시,성동구,왕십리2동,11040520,1103,2698,37.56286,127.02781
경기도,포천시,영북면,31270390,1020,2693,38.073781,127.284869
경기도,성남시 수정구,태평3동,31021560,1163,2675,37.445649,127.132104
인천광역시,부평구,산곡3동,23060590,1028,2674,37.492187,126.705385
경기도,성남시 중원구,은행2동,31022560,1263,2662,37.461179,127.175019
서울특별시,은평구,수색동,11120680,756,2654,37.585606,126.894549
인천광역시,중구,용유동,23010630,933,2653,37.456691,126.397634
서울특별시,서대문구,북아현동,11130740,1071,2616,37.560187,126.955454
서울특별시,관악구,신원동,11210650,1073,2614,37.479254,126.926816
서울특별시,강동구,암사3동,11250590,1204,2609,37.561205,127.138613
경기도,수원시 팔달구,고등동,31013690,1110,2603,37.274375,127.003258
경기도,광주시,쌍령동,31250560,920,2588,37.402373,127.270962
경기도,양평군,서종면,31580350,1239,2570,37.609295,127.406323
서울특별시,서대문구,홍은1동,11130660,1192,2550,37.601384,126.946918
경기도,광명시,광명5동,31060550,1016,2526,37.477164,126.848613
서울특별시,금천구,시흥2동,11180580,820,2522,37.450989,126.919672
서울특별시,노원구,상계9동,11110730,782,2508,37.668592,127.061646
경기도,부천시 소사구,범박동,31052571,808,2490,37.468925,126.808935
경기도,평택시,신장2동,31070580,877,2484,37.076803,127.050282
경기도,구리시,교문2동,31120550,1059,2475,37.585924,127.133895
경기도,안양시 동안구,비산2동,31042520,646,2456,37.396929,126.939227
경기도,포천시,화현면,31270410,424,2449,37.898011,127.285211
서울특별시,성북구,정릉1동,11080620,1135,2429,37.603448,127.016701
경기도,하남시,덕풍2동,31180550,1157,2423,37.541501,127.199302
경기도,과천시,원문동,31110522,598,2411,37.420906,126.976682
경기도,여주시,강천면,31280380,489,2386,37.28846,127.726481
경기도,성남시 중원구,금광1동,31022530,719,2378,37.445237,127.166338
경기도,부천시 오정구,고강1동,31053531,956,2373,37.5344,126.810617
서울특별시,노원구,상계10동,11110740,622,2354,37.659734,127.057469
인천광역시,강화군,불은면,23510320,514,2353,37.683967,126.48191
경기도,고양시 일산서구,탄현2동,31104512,682,2348,37.700436,126.77048
인천광역시,부평구,산곡1동,23060570,677,2346,37.504691,126.695149
경기도,파주시,파평면,31200360,638,2342,37.914248,126.851342
서울특별시,서초구,반포2동,11220580,499,2341,37.507332,126.996027
경기도,양평군,강상면,31580310,848,2334,37.461063,127.467705
경기도,수원시 영통구,매탄4동,31014540,1063,2320,37.266821,127.048218
경기도,평택시,지산동,31070550,759,2303,37.076503,127.059295
경기도,성남시 분당구,수내3동,31023520,748,2299,37.364769,127.129326
서울특별시,용산구,효창동,11030580,645,2296,37.54287,126.960878
인천광역시,강화군,선원면,23510310,815,2293,37.716001,126.486305
서울특별시,동대문구,이문2동,11060900,889,2264,37.602933,127.067526
서울특별시,성동구,금호1가동,11040590,838,2259,37.553521,127.025254
서울특별시,송파구,풍납1동,11240510,757,2258,37.538424,127.114658
인천광역시,부평구,산곡4동,23060600,911,2245,37.500857,126.712013
경기도,용인시 수지구,상현1동,31193620,750,2207,37.306509,127.079791
서울특별시,서대문구,홍제2동,11130650,738,2198,37.584528,126.952434
서울특별시,성동구,금호4가동,11040620,952,2195,37.545378,127.024196
경기도,성남시 수정구,태평4동,31021570,732,2191,37.449461,127.140768
경기도,여주시,흥천면,31280330,798,2185,37.345433,127.533351
경기도,양평군,옥천면,31580340,856,2183,37.55178,127.486426
경기도,광명시,하안2동,31060630,654,2177,37.46471,126.874277
서울특별시,성동구,행당2동,11040570,859,2167,37.55663,127.029627
경기도,성남시 분당구,이매2동,31023610,692,2167,37.39889,127.122051
인천광역시,미추홀구,주안3동,23090670,522,2162,37.448609,126.687124
인천광역시,남동구,만수3동,23050610,888,2139,37.468025,126.727692
경기도,군포시,궁내동,31160600,681,2126,37.364661,126.91704
인천광역시,동구,송림2동,23020590,356,2119,37.477455,126.642885
인천광역시,미추홀구,숭의4동,23090540,888,2111,37.46227,126.657113
인천광역시,미추홀구,용현3동,23090570,850,2107,37.455281,126.652748
서울특별시,성북구,돈암1동,11080580,621,2104,37.59962,127.024077
경기도,가평군,북면,31570350,813,2081,37.944516,127.494161
서울특별시,용산구,보광동,11030700,982,2066,37.526902,127.000773
경기도,연천군,청산면,31550320,495,2065,38.010791,127.102083
서울특별시,용산구,용산2가동,11030520,722,2031,37.537635,126.983372
경기도,수원시 영통구,매탄1동,31014510,788,2012,37.270873,127.040129
경기도,성남시 수정구,양지동,31021620,587,1996,37.464162,127.165168
서울특별시,영등포구,신길5동,11190670,645,1988,37.502061,126.905463
경기도,안양시 만안구,안양9동,31041590,741,1987,37.378036,126.904071
서울특별시,성북구,장위3동,11080780,724,1980,37.618418,127.053102
서울특별시,종로구,창신2동,11010680,1003,1979,37.575858,127.010231
서울특별시,도봉구,창3동,11100610,1016,1976,37.637321,127.041722
서울특별시,노원구,상계8동,11110720,711,1973,37.666515,127.053517
경기도,안성시,금광면,31220320,618,1967,36.981632,127.344321
서울특별시,도봉구,쌍문4동,11100540,758,1959,37.655275,127.030082
서울특별시,금천구,시흥4동,11180600,891,1952,37.460041,126.909278
서울특별시,관악구,난향동,11210710,603,1937,37.461601,126.918436
경기도,하남시,덕풍1동,31180540,812,1936,37.536072,127.19817
경기도,동두천시,생연1동,31080510,371,1923,37.90892,127.066867
경기도,고양시 덕양구,성사2동,31101550,578,1914,37.652797,126.840065
경기도,성남시 분당구,수내2동,31023540,674,1903,37.374988,127.122995
서울특별시,용산구,용문동,11030590,824,1900,37.538866,126.958427
경기도,광명시,철산2동,31060590,579,1896,37.4834,126.866679
인천광역시,동구,송림3·5동,23020600,398,1895,37.473115,126.648476
서울특별시,동작구,사당4동,11200660,838,1894,37.481411,126.96978
인천광역시,부평구,부평2동,23060520,770,1892,37.479088,126.721301
경기도,성남시 중원구,상대원3동,31022590,992,1877,37.438765,127.163133
경기도,수원시 권선구,세류1동,31012520,567,1862,37.259944,127.005416
경기도,과천시,갈현동,31110521,140,1862,37.410717,126.983997
경기도,포천시,이동면,31270380,626,1847,38.051912,127.385417
서울특별시,동작구,사당5동,11200670,739,1838,37.485716,126.964976
경기도,안성시,고삼면,31220420,384,1833,37.092471,127.271493
경기도,안양시 동안구,갈산동,31042670,670,1794,37.37784,126.964874
서울특별시,종로구,숭인1동,11010700,688,1785,37.57731,127.016915
경기도,성남시 중원구,중앙동,31022620,906,1785,37.43988,127.149835
인천광역시,남동구,만수4동,23050620,673,1784,37.45741,126.737751
서울특별시,송파구,잠실4동,11240750,590,1770,37.520677,127.109148
경기도,포천시,창수면,31270350,475,1758,38.022828,127.177032
인천광역시,강화군,화도면,23510340,812,1720,37.618793,126.424015
경기도,군포시,오금동,31160580,611,1717,37.348992,126.929276
경기도,안양시 만안구,충훈동,31041651,683,1699,37.407872,126.898965
경기도,군포시,수리동,31160590,544,1687,37.351688,126.916621
경기도,연천군,백학면,31550330,370,1670,38.036256,126.906287
인천광역시,서구,석남3동,23080600,643,1670,37.506534,126.681337
경기도,이천시,율면,31210380,815,1654,37.075609,127.546992
인천광역시,동구,금창동,23020640,430,1643,37.47241,126.640861
인천광역시,동구,송현1·2동,23020550,764,1639,37.478863,126.6358
경기도,양평군,지평면,31580390,546,1619,37.448666,127.651474
서울특별시,노원구,하계2동,11110590,626,1550,37.635877,127.064989
경기도,광명시,철산1동,31060580,459,1524,37.489913,126.869395
경기도,평택시,현덕면,31070370,645,1522,36.944696,126.932092
서울특별시,종로구,무악동,11010570,369,1519,37.577021,126.958638
경기도,평택시,신장1동,31070570,563,1519,37.087701,127.050262
경기도,연천군,신서면,31550360,1168,1508,38.19871,127.105893
경기도,양평군,강하면,31580320,559,1490,37.468101,127.411724
경기도,광명시,하안4동,31060650,422,1455,37.467876,126.879758
서울특별시,관악구,청림동,11210540,664,1422,37.48944,126.959429
서울특별시,영등포구,신길4동,11190660,488,1397,37.507183,126.912969
인천광역시,옹진군,백령면,23520330,529,1379,37.953754,124.67501
경기도,양평군,양동면,31580380,409,1374,37.442737,127.742218
경기도,여주시,산북면,31280350,381,1372,37.409178,127.441987
경기도,성남시 분당구,정자2동,31023550,504,1296,37.367502,127.118696
서울특별시,송파구,잠실7동,11240780,331,1282,37.507314,127.073894
경기도,성남시 수정구,신촌동,31021640,277,1266,37.449915,127.104926
경기도,광주시,남한산성면,31250380,476,1266,37.459488,127.234198
서울특별시,종로구,창신3동,11010690,400,1235,37.579845,127.013195
인천광역시,동구,화수1·화평동,23020520,431,1169,37.481362,126.629969
경기도,남양주시,조안면,31130350,369,1164,37.56686,127.299074
인천광역시,강화군,양도면,23510350,358,1163,37.672479,126.432402
경기도,양평군,개군면,31580410,515,1150,37.439937,127.549491
경기도,성남시 수정구,산성동,31021610,316,1145,37.456762,127.152741
서울특별시,용산구,이촌2동,11030640,495,1140,37.522802,126.954198
경기도,연천군,군남면,31550310,410,1140,38.074745,127.037923
경기도,양평군,청운면,31580370,379,1113,37.548212,127.752147
서울특별시,서초구,반포본동,11220560,246,1096,37.504196,126.987857
경기도,양평군,단월면,31580360,405,1092,37.582637,127.635866
서울특별시,성동구,응봉동,11040580,551,1091,37.55086,127.033897
서울특별시,강남구,개포1동,11230680,221,1051,37.477815,127.062299
경기도,광명시,철산4동,31060610,471,1029,37.472331,126.863289
경기도,과천시,부림동,31110540,379,1011,37.435027,126.99883
인천광역시,중구,도원동,23010560,328,994,37.468069,126.639995
경기도,여주시,금사면,31280340,335,931,37.396564,127.497684
인천광역시,강화군,내가면,23510360,391,916,37.723047,126.393891
경기도,동두천시,보산동,31080550,381,901,37.925293,127.088583
인천광역시,강화군,하점면,23510370,334,899,37.762363,126.400754
경기도,파주시,운정6동,31200516,347,886,37.714729,126.722291
경기도,광명시,광명2동,31060520,321,870,37.484254,126.857883
인천광역시,강화군,삼산면,23510410,380,870,37.704166,126.305282
인천광역시,서구,가정3동,23080560,273,755,37.518218,126.680361
인천광역시,중구,율목동,23010570,216,743,37.470979,126.634918
인천광역시,강화군,양사면,23510380,448,729,37.801739,126.402669
인천광역시,강화군,송해면,23510390,256,728,37.778896,126.459693
인천광역시,동구,송림1동,23020580,176,702,37.47508,126.638648
경기도,성남시 중원구,은행1동,31022550,317,696,37.45382,127.167068
인천광역시,강화군,교동면,23510400,288,669,37.786727,126.265467
인천광역시,옹진군,북도면,23520310,292,658,37.538388,126.338458
경기도,포천시,관인면,31270400,226,648,38.129147,127.225181
경기도,연천군,미산면,31550340,261,528,38.036348,126.976983
인천광역시,옹진군,연평면,23520320,178,519,37.671156,125.697176
인천광역시,옹진군,덕적면,23520350,182,514,37.230833,126.1301
경기도,광주시,남종면,31250360,171,502,37.502835,127.320641
인천광역시,옹진군,자월면,23520360,209,440,37.256293,126.314399
인천광역시,옹진군,대청면,23520340,133,417,37.830229,124.701314
인천광역시,서구,가정2동,23080550,173,347,37.528581,126.681323
경기도,연천군,장남면,31550380,81,293,37.994038,126.851312
서울특별시,강동구,둔촌1동,11250700,23,246,37.523065,127.140415
경기도,연천군,왕징면,31550350,114,228,38.097146,126.943191
경기도,파주시,장단면,31200390,68,215,37.921326,126.741828
인천광역시,강화군,서도면,23510420,41,110,37.648232,126.241136
경기도,광명시,광명1동,31060510,40,72,37.488087,126.86156
경기도,연천군,중면,31550370,27,39,38.16659,127.006088
