kind,name,lat,lon
hospital,(의)영문의료재단 다보스병원,37.231488,127.211465
hospital,(재)미리내천주성삼성직수도회천주성삼병원,35.840252,128.70571
hospital,가톨릭대학교 성빈센트병원,37.277985,127.027427
hospital,가톨릭대학교 여의도성모병원,37.518325,126.936752
hospital,가톨릭대학교 은평성모병원,37.633494,126.916191
hospital,가톨릭대학교부천성모병원,37.487116,126.792417
hospital,가톨릭대학교의정부성모병원,37.758705,127.077763
hospital,강남베드로병원,37.48562,127.039604
hospital,강남병원,37.273675,127.111434
hospital,강남종합병원,35.882774,128.663912
hospital,강동경희대학교병원,37.553536,127.157673
hospital,강북삼성병원,37.568408,126.96775
hospital,건국대학교병원,37.540376,127.071828
hospital,경기도의료원 수원병원,37.291892,126.996337
hospital,경기도의료원 안성병원,37.01733,127.260386
hospital,경기도의료원 이천병원,37.28286,127.433056
hospital,경기도의료원의정부병원,37.741161,127.0425
hospital,경기도의료원파주병원,37.755065,126.78015
hospital,경기도의료원포천병원,37.903316,127.19828
hospital,경북대학교병원,35.866253,128.604703
hospital,경찰병원,37.496384,127.123509
hospital,경희대학교병원,37.594119,127.051852
hospital,계명대학교대구동산병원,35.869473,128.583132
hospital,계명대학교동산병원,35.853886,128.480131
hospital,고려대학교의과대학부속구로병원,37.492052,126.88487
hospital,고려대학교의과대학부속안산병원,37.318514,126.824903
hospital,곽병원,35.871021,128.588585
hospital,광명성애병원,37.473666,126.87135
hospital,구로성심병원,37.499671,126.866416
hospital,국군수도병원,37.392379,127.149067
hospital,국립암센터,37.66323,126.78341
hospital,국립중앙의료원,37.567214,127.005671
hospital,국민건강보험공단일산병원,37.645475,126.79304
hospital,근로복지공단안산병원,37.316727,126.874139
hospital,기쁨병원,37.482716,127.018081
hospital,나사렛종합병원,35.814701,128.525102
hospital,남양주 한양병원,37.682347,127.204393
hospital,노원을지대학교병원,37.636479,127.069935
hospital,녹색병원,37.583573,127.086074
hospital,대구가톨릭대학교 칠곡가톨릭병원,35.934861,128.549389
hospital,대구가톨릭대학교병원,35.843608,128.567997
hospital,대구굿모닝병원,35.866107,128.571382
hospital,대구의료원,35.85964,128.540587
hospital,대구파티마병원,35.884261,128.624407
hospital,대림성모병원,37.490698,126.907221
hospital,대아의료재단한도병원,37.334059,126.807622
hospital,대진의료재단 분당제생병원,37.388204,127.121778
hospital,더블유병원,35.852631,128.544948
hospital,동국대학교일산불교병원,37.676397,126.806423
hospital,드림종합병원,35.839558,128.574491
hospital,메디인병원,37.761073,126.766669
hospital,메디필드한강병원,37.235396,127.20108
hospital,명지성모병원,37.493862,126.899263
hospital,미즈메디병원,37.552218,126.835936
hospital,부민병원,37.556866,126.850927
hospital,부천세종병원,37.480966,126.791317
hospital,부천우리병원,37.520867,126.805203
hospital,분당서울대학교병원,37.351669,127.123407
hospital,삼성서울병원,37.488298,127.085151
hospital,삼육서울병원,37.587991,127.065307
hospital,삼일병원,35.832496,128.553583
hospital,서울대학교병원,37.579715,126.999017
hospital,서울성심병원,37.584308,127.04973
hospital,서울적십자병원,37.56718,126.966997
hospital,서울특별시 동부병원,37.575368,127.031341
hospital,서울특별시보라매병원,37.493441,126.923906
hospital,서울특별시서남병원,37.51202,126.833153
hospital,서울특별시서울의료원,37.613276,127.097831
hospital,서울현대병원,37.640256,127.02852
hospital,성남시의료원,37.444994,127.139065
hospital,성남중앙병원,37.45285,127.161993
hospital,성심의료재단강동성심병원,37.535997,127.135378
hospital,성애의료재단 성애병원,37.512027,126.9225
hospital,세란병원,37.575184,126.957461
hospital,세종여주병원,37.301484,127.6253
hospital,순천의료재단 성남정병원,37.439859,127.129005
hospital,순천향대학교 부속 서울병원,37.533804,127.004258
hospital,순천향대학교부속부천병원,37.4987,126.762963
hospital,씨엠병원,37.51886,126.904186
hospital,아주대학교병원,37.279461,127.047684
hospital,안성성모병원,37.006218,127.270921
hospital,연세대학교 의과대학 용인세브란스병원,37.270805,127.148514
hospital,연세대학교의과대학 강남세브란스병원,37.49293,127.046268
hospital,연세대학교의과대학세브란스병원,37.562345,126.940827
hospital,영남대학교병원,35.848107,128.58205
hospital,오산한국병원,37.141271,127.075366
hospital,우리들병원,37.562045,126.796327
hospital,원광대학교 산본병원,37.359413,126.933615
hospital,의료법인 갈렌의료재단 박병원,37.048266,127.057001
hospital,의료법인 남촌의료재단 시화병원,37.349931,126.736942
hospital,의료법인 녹산의료재단동수원병원,37.278065,127.034549
hospital,의료법인 덕산의료재단 수원덕산병원,37.25861,126.974399
hospital,의료법인 록향의료재단 신천연합병원,37.444515,126.789493
hospital,의료법인 명인의료재단 화홍병원,37.260127,126.963908
hospital,의료법인 박애의료재단 박애병원,36.993064,127.089076
hospital,의료법인 석경의료재단 센트럴병원,37.336908,126.728127
hospital,의료법인 양진의료재단 평택성모병원,37.008419,127.074333
hospital,의료법인 영동의료재단 의정부백병원,37.745326,127.062237
hospital,의료법인 원광의료재단 원광종합병원,37.210137,127.00811
hospital,의료법인 은혜와감사의료재단 화성중앙종합병원,37.131351,126.91078
hospital,의료법인 일심의료재단 포천우리병원,37.827471,127.148186
hospital,의료법인 청구성심병원,37.620861,126.919701
hospital,의료법인 토마스의료재단 윌스기념병원,37.265323,127.025544
hospital,의료법인 플러스의료재단 단원병원,37.300228,126.813498
hospital,의료법인구의료재단 구병원,35.850624,128.541444
hospital,의료법인대인의료재단 다니엘종합병원,37.512307,126.769476
hospital,의료법인동신의료재단 동신병원,37.581332,126.936425
hospital,의료법인명지의료재단명지병원,37.641995,126.831262
hospital,의료법인백송의료재단 굿모닝병원,36.990628,127.120411
hospital,의료법인서울효천의료재단 에이치플러스양지병원,37.484154,126.932569
hospital,의료법인성광의료재단일산차병원,37.654132,126.775737
hospital,의료법인성화의료재단  대한병원,37.635475,127.022691
hospital,의료법인우리의료재단김포우리병원,37.632332,126.710733
hospital,의료법인인봉의료재단뉴고려병원,37.640959,126.660214
hospital,의료법인자인의료재단(더자인병원),37.622978,126.835751
hospital,의료법인칠석의료재단사랑의병원,37.326935,126.844932
hospital,의료법인풍산의료재단동부제일병원,37.600709,127.109009
hospital,의료법인한전의료재단 한일병원,37.64614,127.029123
hospital,이화여자대학교의과대학부속목동병원,37.536602,126.886204
hospital,이화여자대학교의과대학부속서울병원,37.557263,126.836267
hospital,인산의료재단 메트로병원,37.378667,126.935231
hospital,인제대학교 상계백병원,37.648541,127.062991
hospital,인제대학교일산백병원,37.674274,126.75038
hospital,재단법인베스티안재단베스티안서울병원,37.56511,127.02802
hospital,재단법인아산사회복지재단 서울아산병원,37.526576,127.107935
hospital,중앙대학교광명병원,37.424597,126.88591
hospital,중앙대학교병원,37.506748,126.960784
hospital,차의과학대학교 강남차병원,37.506701,127.034543
hospital,차의과학대학교분당차병원,37.410238,127.125454
hospital,참조은병원,37.410963,127.260254
hospital,추병원,37.74979,127.045072
hospital,칠곡경북대학교병원,35.956421,128.564673
hospital,학교법인 고려중앙학원 고려대학교의과대학부속병원(안암병원),37.587016,127.026354
hospital,학교법인 을지학원 의정부을지대학교병원,37.751818,127.0507
hospital,학교법인가톨릭학원가톨릭대학교서울성모병원,37.500944,127.005115
hospital,한국보훈복지의료공단 대구보훈병원,35.802821,128.551978
hospital,한국보훈복지의료공단 중앙보훈병원,37.530339,127.147869
hospital,한국원자력의학원원자력병원,37.628867,127.08242
hospital,한림대학교 강남성심병원,37.493726,126.908653
hospital,한림대학교 한강성심병원,37.52317,126.909681
hospital,한림대학교동탄성심병원,37.216514,127.07995
hospital,한림대학교성심병원,37.391757,126.962053
hospital,한양대학교구리병원,37.601298,127.132427
hospital,한양대학교병원,37.559657,127.044134
hospital,현대병원,37.715427,127.179882
hospital,혜민병원,37.535408,127.083625
hospital,홍익병원,37.528484,126.863655
hospital,화성유일병원,37.217785,126.832655
hospital,효산의료재단 안양샘병원,37.393523,126.924394
hospital,효산의료재단 지샘병원,37.358672,126.947316
hospital,희명병원,37.455687,126.900584
university,서울대학교,37.459882,126.951904
university,연세대학교,37.565517,126.938667
university,고려대학교,37.589211,127.032242
university,한양대학교,37.557148,127.044930
university,성균관대인문캠퍼스,37.588066,126.993568
university,성균관대자연과학캠퍼스,37.294514,126.973572
university,중앙대학교,37.504993,126.957413
university,경희대서울캠퍼스,37.596272,127.052078
university,경희대국제캠퍼스,37.240070,127.081116
university,한국외대서울캠퍼스,37.597130,127.058105
university,한국외대글로벌캠퍼스,37.336998,127.267021
university,서강대학교,37.550949,126.941116
university,이화여자대학교,37.562172,126.946831
university,숙명여자대학교,37.545990,126.964699
university,건국대학교,37.540371,127.079140
university,동국대학교,37.558079,127.000000
university,홍익대학교,37.550781,126.925545
university,국민대학교,37.610764,126.996719
university,세종대학교,37.550278,127.073456
university,광운대학교,37.619007,127.058601
university,서울시립대학교,37.583744,127.058907
university,숭실대학교,37.496498,126.957237
university,아주대학교,37.282719,127.043549
university,인하대학교,37.450317,126.653587
university,단국대죽전캠퍼스,37.321339,127.126961
university,명지대용인캠퍼스,37.223972,127.187363
university,한양대에리카캠퍼스,37.296932,126.836441
university,가천대학교,37.450424,127.128647
university,경기대학교,37.300343,127.035431
university,카이스트서울캠퍼스,37.593765,127.045807
university,포항공대서울,37.482483,127.043777
industrial,판교테크노밸리,37.402340,127.108437
industrial,가산디지털단지,37.481346,126.882446
industrial,구로디지털단지,37.485062,126.901611
industrial,상암DMC,37.578156,126.891418
industrial,마곡산업단지,37.559620,126.831207
industrial,반월국가산업단지,37.315998,126.783401
industrial,시화국가산업단지,37.339279,126.717422
industrial,남동국가산업단지,37.400791,126.702126
industrial,파주출판단지,37.712849,126.699158
industrial,평택포승국가산단,36.980473,126.851227
industrial,오산가장산업단지,37.176975,127.037231
industrial,성남하이테크밸리,37.428841,127.152229
industrial,안양스마트콘텐츠타워,37.394497,126.955742
industrial,인천송도지식정보산단,37.383694,126.657379
industrial,수원델타플렉스,37.234394,126.972427
industrial,화성동탄일반산단,37.196178,127.089508
industrial,광명시흥테크노밸리,37.443005,126.847008
industrial,고양일산테크노밸리,37.664307,126.752899
industrial,용인기흥ICT밸리,37.279396,127.115204
industrial,이천하이닉스단지,37.273300,127.511600
academy,대치동 학원가,37.499470,127.056030
academy,목동 학원가,37.535831,126.874908
academy,중계동 은행사거리,37.646667,127.073334
academy,분당 정자동 학원가,37.365002,127.106667
academy,평촌 학원가,37.390556,126.950836
academy,일산 후곡마을 학원가,37.677502,126.766670
academy,수지 풍덕천 학원가,37.322224,127.096947
academy,송도 학원가,37.383331,126.656670
academy,노량진 학원가,37.513611,126.941391
academy,강남역 학원가,37.497941,127.027622
academy,신촌 학원가,37.555134,126.936829
academy,부천 중동 학원가,37.503334,126.766670
academy,광교 학원가,37.288334,127.053886
academy,동탄 학원가,37.200832,127.075279
academy,산본 학원가,37.358334,126.933334
transport,서울역,37.554722,126.970833
transport,용산역,37.529724,126.964722
transport,수서역,37.487221,127.101669
transport,광명역,37.416389,126.884445
transport,인천국제공항,37.449722,126.450554
transport,김포공항,37.558334,126.790833
transport,동서울터미널,37.534168,127.094444
transport,고속터미널,37.505001,127.004723
transport,수원역,37.265556,127.000275
transport,청량리역,37.580002,127.046669
tour,경복궁·인사동,37.576363,126.981218
tour,명동·남산,37.561787,126.980118
tour,동대문,37.560767,126.998878
tour,수원 화성,37.282408,127.018434
tour,종로·대학로,37.576559,126.997233
tour,북촌·삼청동,37.595247,126.96269
tour,인천 차이나타운,37.47512,126.622172
tour,여의도,37.499888,126.893715
tour,이태원,37.541356,126.977777
tour,홍대·연남,37.558645,126.92248
tour,성수·서울숲,37.542996,127.058094
tour,잠실·롯데월드,37.543051,127.120873
tour,관광밀집지,37.400155,127.540719
tour,관광밀집지,37.479292,127.182953
tour,강남·삼성,37.515538,127.058599
tour,관광밀집지,37.121068,126.683993
tour,분당·판교,37.379564,127.118275
tour,관광밀집지,37.080334,127.435493
tour,관광밀집지,37.892206,126.738007
tourspot,갈산공원,37.506118,126.868411
tourspot,강남,37.526896,127.027073
tourspot,강남 마이스 관광특구,37.511918,127.059218
tourspot,강변스파랜드,37.534938,127.091323
tourspot,강서습지생태공원,37.586088,126.817149
tourspot,강서역사문화거리,37.572234,126.836664
tourspot,개봉유수지 생태공원,37.492452,126.863214
tourspot,거리공원,37.499552,126.891614
tourspot,건청궁,37.576084,126.976738
tourspot,경국사(서울),37.613924,127.005631
tourspot,경리단길,37.538452,126.987515
tourspot,경성 부민관 폭탄 의거지,37.56756,126.976802
tourspot,경의선책거리,37.556499,126.929037
tourspot,경찰혼,37.526299,126.90154
tourspot,경희궁 흥화문,37.569898,126.970777
tourspot,경희궁공원,37.569898,126.970777
tourspot,고척근린공원,37.506637,126.853334
tourspot,고척동 고인돌,37.508617,126.847307
tourspot,고촌이종근기념관,37.559746,126.963139
tourspot,고하송진우선생동상,37.549355,127.076279
tourspot,공덕동 족발골목,37.544579,126.953343
tourspot,관문사(서울),37.473741,127.022264
tourspot,관악도시농업공원,37.464923,126.92712
tourspot,관악산,37.448404,126.954099
tourspot,관악산자연공원,37.46634,126.945555
tourspot,관음사국기봉,37.440352,126.938314
tourspot,관훈동 민씨 가옥 (구 부마도위박영효가옥),37.558508,126.993575
tourspot,광나루안전체험관,37.551311,127.077162
tourspot,광나루자전거공원,37.545301,127.117998
tourspot,광나루한강공원,37.55002,127.122264
tourspot,광진교 8번가,37.544476,127.114159
tourspot,광흥당,37.548636,126.928676
tourspot,구강사,37.544909,127.128847
tourspot,구로거리공원,37.503079,126.888364
tourspot,구로공단 노동자생활체험관,37.482857,126.883649
tourspot,구로근린공원(이씨레물리노공원),37.497172,126.889992
tourspot,구로기계공구단지,37.503865,126.878557
tourspot,구로리어린이공원,37.491431,126.891845
tourspot,구룡산(서울),37.469078,127.0616
tourspot,국립4·19민주묘지,37.648448,127.009116
tourspot,국립중앙박물관 전통염료식물원,37.521171,126.979128
tourspot,국제음식문화거리(INTERNATIONAL FOOD STREET),37.505832,126.89142
tourspot,국회의사당,37.529424,126.91663
tourspot,궁동저수지 생태공원,37.501218,126.82932
tourspot,극락사(서울),37.604752,127.113297
tourspot,금선사(서울),37.620778,126.953447
tourspot,금암문화공원,37.644402,126.917997
tourspot,금천예술공장,37.468883,126.891973
tourspot,기억의 터(일본군 위안부),37.559161,126.990281
tourspot,긴고랑공원,37.558907,127.091036
tourspot,길상도예,37.485837,127.032441
tourspot,길상사(서울),37.598598,126.993958
tourspot,길음역롯데캐슬트윈골드상가,37.603853,127.023488
tourspot,나석주의사동상,37.56551,126.985048
tourspot,낙원동 아구찜 거리,37.573231,126.988306
tourspot,난지천공원,37.572516,126.887063
tourspot,난지한강공원,37.563025,126.885155
tourspot,남대문 갈치조림골목,37.55973,126.976941
tourspot,남산 팔각정,37.551639,126.987621
tourspot,남산골한옥마을,37.559778,126.993287
tourspot,남산공원(서울),37.555686,126.992231
tourspot,남산순환나들길,37.554911,126.986684
tourspot,남산예장공원,37.560522,126.988887
tourspot,남산인권숲,37.558894,126.989804
tourspot,남산케이블카,37.556997,126.984104
tourspot,내맘대로폰케이스 홍대점,37.551247,126.921899
tourspot,내원사(서울),37.626673,126.995162
tourspot,노들나루공원,37.513046,126.953491
tourspot,노량진컵밥거리,37.513554,126.945323
tourspot,노원 불빛정원,37.624505,127.093106
tourspot,노을공원(서울),37.574054,126.875514
tourspot,녹번서공원,37.605518,126.923989
tourspot,다락원체육공원,37.691491,127.047281
tourspot,다이나믹 메이즈 인사동,37.57194,126.987237
tourspot,달마사(서울),37.49872,126.962294
tourspot,당고개순교성지,37.535577,126.966995
tourspot,대림동 차이나타운,37.492453,126.897514
tourspot,대림어린이공원,37.491123,126.903224
tourspot,대모산도시자연공원,37.480052,127.081014
tourspot,대성사(서울),37.476318,127.013473
tourspot,대원군별장(석파정),37.59487,126.962774
tourspot,대학로,37.580567,127.002388
tourspot,대한성공회 서울주교좌성당,37.567424,126.976038
tourspot,대현문화공원,37.557699,126.94493
tourspot,덕수궁 대한문,37.565107,126.976591
tourspot,덕수궁 돌담길,37.566082,126.974894
tourspot,도봉서원(서울),37.686075,127.030705
tourspot,도선사(서울),37.656316,126.991109
tourspot,도안사,37.684587,127.085091
tourspot,독립관,37.574672,126.957342
tourspot,독립문,37.572453,126.959514
tourspot,독립선언문 배부 터,37.575262,126.986526
tourspot,독산 근린공원,37.463326,126.884949
tourspot,동대문디자인플라자(DDP),37.566108,127.009571
tourspot,동대문역사문화공원,37.566108,127.009571
tourspot,동십자각,37.576134,126.979437
tourspot,동작청소년센터,37.504102,126.93326
tourspot,디큐브시티 해바라기 공원,37.50629,126.885406
tourspot,디키디키,37.568196,127.010313
tourspot,뚝섬한강공원,37.529419,127.073994
tourspot,뚝섬한강공원 벽천마당,37.529152,127.071316
tourspot,락고재 컬쳐 라운지 애가헌,37.582297,126.983959
tourspot,로렌스길,37.548489,126.921455
tourspot,롯데월드 아쿠아리움,37.514165,127.104075
tourspot,롯데월드타워&롯데월드몰,37.514165,127.104075
tourspot,류순정·류홍 부자 묘역,37.488716,126.829384
tourspot,리얼 이스케이프 챌린지,37.554205,126.927115
tourspot,리얼월드 성수,37.542231,127.058423
tourspot,마곡광장,37.566065,126.82694
tourspot,마로니에공원,37.580242,127.002724
tourspot,마루공원,37.496553,127.080816
tourspot,마천공원,37.501282,127.145791
tourspot,마포전차종점 3·1운동 만세 시위지,37.538476,126.945003
tourspot,망원정 터,37.549999,126.904753
tourspot,망원한강공원,37.552399,126.899904
tourspot,매헌시민의 숲,37.469161,127.036838
tourspot,맥아더 사령관 한강방어선 시찰지,37.516206,126.912284
tourspot,명동,37.562152,126.984915
tourspot,명동 남대문 북창동 다동무교동 관광특구,37.559977,126.975305
tourspot,명락사,37.481464,126.947021
tourspot,목멱산 봉수대 터,37.552053,126.987515
tourspot,몽마르뜨공원,37.497682,127.004548
tourspot,몽촌토성,37.520987,127.122976
tourspot,무궁화동산,37.584308,126.972157
tourspot,무수골계곡,37.676654,127.033816
tourspot,묵정어린이공원,37.563305,127.001613
tourspot,문래예술공장,37.513281,126.90016
tourspot,문화역 서울 284,37.556011,126.971625
tourspot,문화철도959,37.509087,126.891203
tourspot,미타사(성동),37.543571,127.017179
tourspot,미타사(성북),37.585025,127.016334
tourspot,민영환 자결터,37.571907,126.984184
tourspot,반공 청년운동 순국 열사 기념비,37.552231,126.987351
tourspot,반공순국용사 위령탑,37.517195,126.918586
tourspot,방화대교,37.566051,126.812236
tourspot,배봉산,37.580954,127.063816
tourspot,백련사(강북),37.646809,126.999542
tourspot,백련사(서대문),37.58639,126.927395
tourspot,백범광장(백범 김구선생 동상),37.555253,126.979816
tourspot,백악마루,37.593948,126.969513
tourspot,백인제가옥,37.580469,126.984142
tourspot,법룡사,37.486204,127.088386
tourspot,법안정사,37.535364,126.878395
tourspot,보문사(서울),37.584433,127.016661
tourspot,보성사터,37.573978,126.982751
tourspot,보신각터,37.569815,126.983576
tourspot,본원정사(서울),37.637288,127.005289
tourspot,봉원사(서울),37.571778,126.947229
tourspot,봉화산(서울),37.608354,127.087016
tourspot,봉화산근린공원,37.61061,127.092246
tourspot,부암동,37.592487,126.964085
tourspot,북서울꿈의숲,37.619724,127.044544
tourspot,북악산,37.593154,126.973715
tourspot,북악산 숙정문,37.595554,126.981114
tourspot,북악스카이 팔각정,37.602028,126.980564
tourspot,북정마을,37.592701,126.992497
tourspot,북촌문화센터,37.579053,126.986706
tourspot,북촌전통공예체험관,37.582472,126.986125
tourspot,북촌한옥마을,37.579053,126.986706
tourspot,북촌한옥마을 감고당길,37.577953,126.982415
tourspot,북한산 백운대(우이동),37.65831,126.990945
tourspot,북한산 족두리봉,37.610807,126.944951
tourspot,불암산,37.663753,127.094916
tourspot,빨래골,37.648456,127.001947
tourspot,사가정공원,37.579324,127.095782
tourspot,사육신공원,37.51351,126.949375
tourspot,사직공원(서울),37.575845,126.968722
tourspot,살곶이체육공원,37.554029,127.050465
tourspot,삼각어린이공원,37.501452,126.892014
tourspot,삼룡사,37.596606,127.101703
tourspot,삼천사(서울),37.642303,126.952499
tourspot,삼청공원,37.588927,126.98282
tourspot,삼해소주,37.562965,126.913596
tourspot,상수동 카페거리,37.548489,126.921455
tourspot,상촌재,37.581927,126.969755
tourspot,생명보험교육문화센터,37.573028,126.974366
tourspot,서대문독립공원,37.574672,126.957342
tourspot,서래마을,37.497851,126.998316
tourspot,서리풀공원,37.490852,126.999716
tourspot,서빙고동 부군당,37.520521,126.993193
tourspot,서소문역사공원,37.559685,126.969364
tourspot,서순라길,37.570421,126.994217
tourspot,서울 경교장,37.568182,126.968608
tourspot,서울 고려대학교 본관,37.589466,127.032271
tourspot,서울 고려대학교 중앙도서관,37.588247,127.03404
tourspot,서울 구 벨기에영사관 (현 서울시립 남서울미술관),37.476118,126.979535
tourspot,서울 구의정수장 제1·2공장(구의 아리수 정수센터),37.544223,127.093081
tourspot,서울 동대문 닭한마리 골목,37.570349,127.005868
tourspot,서울 살곶이 다리,37.553785,127.045987
tourspot,서울 삼각지 대구탕 골목,37.53465,126.974103
tourspot,서울 삼전도비,37.509116,127.097884
tourspot,서울 석촌동 고분군,37.502211,127.102864
tourspot,서울 선릉과 정릉 [유네스코 세계유산],37.507421,127.04718
tourspot,서울 신당동 박정희 가옥,37.561519,127.01987
tourspot,서울 암사동 유적,37.559113,127.130616
tourspot,서울 약현성당,37.559144,126.967419
tourspot,서울 양천고성지,37.574043,126.840828
tourspot,서울 연세대학교 스팀슨관,37.560579,126.936764
tourspot,서울 영휘원(순헌황귀비)과 숭인원(이진),37.589647,127.043564
tourspot,서울 우정총국,37.574423,126.982729
tourspot,서울 운현궁,37.576459,126.987142
tourspot,서울 인디스페이스,37.557285,126.925012
tourspot,서울 종로 낙지볶음 골목,37.570898,126.979937
tourspot,서울 태릉(문정왕후)과 강릉(명종·인순왕후) [유네스코 세계유산],37.63414,127.097158
tourspot,서울 풍납동 토성,37.539452,127.120717
tourspot,서울 헌릉(태종·원경왕후)과 인릉(순조·순원황후) [유네스코 세계유산],37.464415,127.082364
tourspot,서울교통공사 고덕차량사업소,37.564655,127.17174
tourspot,서울로 7017,37.554519,126.970661
tourspot,서울새활용플라자,37.558737,127.057867
tourspot,서울색공원,37.530452,126.930715
tourspot,서울성북 미디어문화마루,37.603809,127.022219
tourspot,서울숲 곤충식물원,37.543125,127.041813
tourspot,서울어린이대공원,37.549355,127.076279
tourspot,서울웨이브아트센터,37.518441,127.007298
tourspot,서울창포원,37.689575,127.047189
tourspot,서울퓨처랩,37.566065,126.82694
tourspot,서울학도병참전기념비,37.545909,126.978777
tourspot,서울함공원,37.555848,126.893982
tourspot,석파정,37.59487,126.962774
tourspot,선바위(선암),37.578997,126.95897
tourspot,성균관 명륜당,37.586152,126.995716
tourspot,성덕사,37.60323,127.086485
tourspot,성동 AI·미래기술체험센터,37.554726,127.040505
tourspot,성북동성당,37.595279,126.998007
tourspot,성수동 수제화거리,37.544453,127.057214
tourspot,성수동 카페거리,37.543253,127.056615
tourspot,성수연방,37.541714,127.056878
tourspot,세검정 터,37.600947,126.959719
tourspot,세운상가,37.569335,126.995256
tourspot,세종대왕 동상,37.572953,126.976915
tourspot,세종로공원,37.573484,126.975977
tourspot,세종마을 음식문화거리,37.57657,126.971083
tourspot,송리단길,37.509138,127.108236
tourspot,송암사,37.684587,127.085091
tourspot,송재서재필선생상,37.574672,126.957342
tourspot,송파구자원순환공원,37.471779,127.123352
tourspot,수성동계곡,37.58228,126.9632
tourspot,수암사(서울),37.676324,127.084928
tourspot,순정효황후윤씨친가,37.558678,126.993992
tourspot,숭례문,37.559986,126.975299
tourspot,숭인근린공원,37.577254,127.017914
tourspot,스탈릿성수,37.544494,127.055473
tourspot,스파레이,37.518291,127.018297
tourspot,승가사(서울),37.626719,126.96086
tourspot,신기한놀이터 떼굴떼굴,37.585654,126.938516
tourspot,신당동 떡볶이타운,37.563058,127.014607
tourspot,신도림테크노근린공원,37.508171,126.890886
tourspot,신사공원,37.562753,127.021514
tourspot,신사동 가로수길,37.519705,127.022757
tourspot,신석구 사택 터,37.567835,126.988442
tourspot,신트리공원(서울),37.514653,126.856514
tourspot,심산기념문화센터,37.498535,126.99073
tourspot,쌈지 어린이공원,37.470297,126.897056
tourspot,쌈지길,37.574306,126.984867
tourspot,아띠인력거,37.579389,126.982559
tourspot,아리수나라,37.549355,127.076279
tourspot,아모레 성수,37.544603,127.05907
tourspot,아시아공원,37.510082,127.076703
tourspot,아차산 어울림정원,37.551961,127.101288
tourspot,아현동 전골목,37.556802,126.954848
tourspot,안국사,37.47164,126.958734
tourspot,안녕인사동,37.574484,126.983562
tourspot,안양암(서울),37.575196,127.013345
tourspot,안양천 사계절 테마원,37.520577,126.878748
tourspot,안양천제방벚꽃길,37.524552,126.881214
tourspot,압구정 로데오거리,37.526877,127.038897
tourspot,양재근린공원,37.47198,127.042457
tourspot,양천구 로데오거리,37.52799,126.861474
tourspot,양천구어린이교통안전교육장,37.509867,126.870035
tourspot,양천나눔누리타운,37.518955,126.853764
tourspot,양천생활안전체험교육관,37.51678,126.863744
tourspot,양천해누리체육공원,37.511753,126.872313
tourspot,양화진외국인선교사묘원(외인묘지),37.546528,126.91118
tourspot,어깨동무스토리움,37.575035,126.886307
tourspot,어린이꿈공원,37.558534,127.036113
tourspot,엘크레,37.520935,127.023218
tourspot,여계묘역,37.507301,126.856084
tourspot,여의도공원,37.526858,126.922294
tourspot,여의도공원 문화의마당,37.524753,126.920214
tourspot,여의도샛강생태공원,37.518773,126.921961
tourspot,여의도한강공원,37.5264,126.93361
tourspot,여의도한강공원 멀티프라자,37.528269,126.931601
tourspot,여의천,37.471053,127.037916
tourspot,역삼개나리공원,37.497647,127.036284
tourspot,역삼동성당,37.500258,127.041706
tourspot,연남동 공방거리,37.562301,126.923621
tourspot,연남동끝자락길,37.566014,126.917079
tourspot,연세굿데이치과의원 양재점,37.482712,127.036532
tourspot,연세로,37.55578,126.936553
tourspot,연의근린공원,37.51175,126.834222
tourspot,연화사(서울),37.593986,127.050478
tourspot,영등포 신길동 홍어거리,37.510601,126.911565
tourspot,옛 용산신학교와 원효로 예수성심성당,37.533477,126.954496
tourspot,오금공원,37.505256,127.131681
tourspot,오동근린공원,37.629553,127.033414
tourspot,오류동역 광장,37.495052,126.844013
tourspot,오목공원,37.527654,126.873643
tourspot,오미요리연구소,37.583206,127.040943
tourspot,옥천암(서울),37.597114,126.95392
tourspot,온수공원,37.502048,126.839738
tourspot,온수도시자연공원(잣절공원),37.502048,126.839738
tourspot,올림픽공원피크닉장,37.520609,127.115068
tourspot,올림픽대교,37.532416,127.10536
tourspot,와룡공원,37.591227,126.990158
tourspot,왕십리맛골목,37.559434,127.040871
tourspot,왜고개,37.530044,126.971748
tourspot,용두동 쭈꾸미골목,37.57594,127.037215
tourspot,용마산,37.571153,127.095816
tourspot,용마폭포공원,37.573405,127.089139
tourspot,용산가족공원,37.520046,126.983266
tourspot,용산공원 부분개방부지,37.520007,126.990063
tourspot,용산역광장,37.529825,126.964757
tourspot,우남 이승만박사 동상,37.55492,127.150856
tourspot,우당 이회영 선생 흉상,37.564893,126.986129
tourspot,우리유황온천,37.530988,127.08416
tourspot,우면산 소망탑,37.482009,127.01815
tourspot,우면산자연생태공원,37.469252,127.017115
tourspot,우이동계곡,37.669462,127.007618
tourspot,우이동만남의광장,37.661891,127.00773
tourspot,우이령 숲속문화마을(구 우이동 먹거리마을),37.671701,127.006227
tourspot,원당샘공원,37.660344,127.022281
tourspot,원통사(서울),37.682914,127.01164
tourspot,위라이드 서울전차,37.570898,126.979937
tourspot,윌리엄해밀턴쇼 동상,37.605154,126.923514
tourspot,유관순동상,37.555539,127.001047
tourspot,육영재단 어린이회관,37.547053,127.07819
tourspot,윤극영가옥,37.646523,127.010896
tourspot,윤동주 하숙집 터,37.581502,126.965688
tourspot,윤동주시인의언덕,37.591054,126.966216
tourspot,율곡로,37.576984,126.994491
tourspot,은곡마을공원,37.468112,127.100482
tourspot,은평한옥마을,37.641395,126.939225
tourspot,을지로 노가리골목,37.56633,126.992664
tourspot,음식문화특화거리(깔깔거리),37.483887,126.900867
tourspot,응봉체육공원,37.551954,127.037416
tourspot,응암동 감자국 거리,37.587267,126.916715
tourspot,의열사(용산),37.545265,126.960543
tourspot,이대거리,37.557932,126.942461
tourspot,이랜드크루즈(한강유람선),37.525014,126.939034
tourspot,이상의집,37.578697,126.970877
tourspot,이원등 상사상,37.517418,126.959282
tourspot,이재명 의거지,37.563602,126.986612
tourspot,이충순 자결 터,37.561607,126.971011
tourspot,이탈리아 의무부대 6·25전쟁 참전기념비,37.509124,126.911062
tourspot,이태원 우사단길,37.532609,126.998445
tourspot,익선동 한옥거리,37.573768,126.990142
tourspot,인사동,37.575462,126.983523
tourspot,일상비일상의틈,37.500641,127.026785
tourspot,일성이준열사동상,37.558553,127.00383
tourspot,자매공원,37.518073,126.93101
tourspot,자양동 양꼬치거리 (중국음식문화거리),37.540223,127.062984
tourspot,장수공원(열녀문),37.522754,126.847615
tourspot,장충단공원,37.55882,127.004816
tourspot,장충동 족발 골목,37.560292,127.005896
tourspot,절두산 순교성지,37.544642,126.911875
tourspot,정몽주 동상,37.548333,126.909767
tourspot,정선옹주 묘역,37.502003,126.827809
tourspot,정암사,37.661978,127.084995
tourspot,조계사(서울),37.573978,126.982751
tourspot,조선일보 뉴지엄,37.506175,126.967129
tourspot,존비코올터장군상,37.551647,127.088834
tourspot,종로 무계원,37.59487,126.962774
tourspot,종묘광장공원,37.571196,126.994417
tourspot,중명전,37.566785,126.972552
tourspot,중앙고등학교,37.584144,126.98685
tourspot,지양산,37.521415,126.829697
tourspot,차민성형외과의원,37.506906,127.022827
tourspot,창경궁,37.578934,126.996463
tourspot,창경궁 홍화문,37.578934,126.996463
tourspot,창덕궁 낙선재,37.577703,126.990245
tourspot,창덕궁 인정문,37.578797,126.991181
tourspot,창신동골목길,37.577145,127.013429
tourspot,창의문(자하문),37.592657,126.96651
tourspot,창천근린공원,37.557568,126.940316
tourspot,채석장 전망대,37.578309,127.011612
tourspot,챔피언1250X 아이파크몰 용산점,37.529825,126.964757
tourspot,천왕근린공원,37.476468,126.841808
tourspot,천축사(서울),37.694323,127.020341
tourspot,천호공원,37.544723,127.126936
tourspot,천호자전거거리,37.546631,127.122159
tourspot,청계광장,37.569154,126.977515
tourspot,청계산,37.443753,127.055315
tourspot,청담근린공원,37.521352,127.052616
tourspot,청담도로공원,37.520694,127.062812
tourspot,청담패션거리,37.525552,127.044316
tourspot,청량사(서울),37.587709,127.047242
tourspot,청룡사(서울),37.579778,127.016864
tourspot,초안산,37.639291,127.046741
tourspot,최순우 옛집,37.593065,127.00036
tourspot,충무공 이순신 동상,37.571054,126.976915
tourspot,충무로 인쇄골목,37.561986,126.994017
tourspot,충무로영상센터 오재미동,37.561341,126.994223
tourspot,코엑스 아쿠아리움,37.511809,127.059132
tourspot,코엑스동측광장,37.511918,127.059218
tourspot,크라운해태 키즈뮤지엄,37.54076,126.973658
tourspot,클럽케이서울,37.506685,127.048369
tourspot,키즈오토파크,37.549361,127.076293
tourspot,탈영역우정국,37.547008,126.92764
tourspot,탑골공원 팔각정,37.570554,126.988623
tourspot,태릉강릉,37.63018,127.097528
tourspot,파크하비오 워터킹덤&스파,37.481942,127.123227
tourspot,푸른수목원,37.483081,126.824085
tourspot,풍납백제문화공원,37.535863,127.115298
tourspot,플로팅아일랜드,37.512303,126.996576
tourspot,필소굿캘리,37.574956,126.983684
tourspot,필운동 홍건익 가옥,37.577972,126.968897
tourspot,학도암(서울),37.651994,127.089758
tourspot,한강,37.538928,127.041622
tourspot,한강방어 백골부대 전적비,37.527141,126.932871
tourspot,한국가구박물관,37.599859,126.993002
tourspot,한국유림독립운동파리장서비,37.558553,127.00383
tourspot,한복남 경복궁점,37.576289,126.973321
tourspot,한양공원,37.504064,127.115549
tourspot,해공신익희선생동상,37.536349,127.131841
tourspot,해방촌마을,37.542782,126.984013
tourspot,해풍부원군윤택영댁재실,37.558364,126.994403
tourspot,향기억,37.526157,127.037958
tourspot,허준근린공원,37.567652,126.853743
tourspot,헌인릉 생태경관보전지역(오리나무림),37.46424,127.081012
tourspot,헬로애니멀,37.668083,127.047081
tourspot,호국무공수훈자공적비,37.560254,127.070116
tourspot,호암산성,37.446253,126.914514
tourspot,호전다실,37.57985,126.97046
tourspot,홍제천인공폭포,37.57926,126.9363
tourspot,홍지문 및 탕춘대성,37.599653,126.958614
tourspot,홍파동 홍난파 가옥,37.571601,126.9651
tourspot,화랑대 철도공원,37.624505,127.093106
tourspot,황학정,37.5771,126.965102
tourspot,효민공 이경직 묘역,37.470951,126.975616
tourspot,후암거실,37.548492,126.97625
tourspot,후암별채,37.549762,126.976152
tourspot,훈련원공원,37.567091,127.003435
tourspot,흥인지문,37.571221,127.009718
tourspot,150년 수령 느티나무,37.537678,126.868776
tourspot,2025 서울 카페&베이커리페어,37.496089,127.070767
tourspot,3.1독립운동기념탑,37.551801,127.000022
tourspot,G밸리 4차산업체험관,37.482635,126.897061
tourspot,K-컬처 스크린(대한민국역사박물관),37.574134,126.977574
tourspot,가금철교 문화공원,37.753353,127.045515
tourspot,가나아트파크,37.725013,126.949164
tourspot,가남체육공원,37.201709,127.534914
tourspot,가덕산,37.940556,127.612119
tourspot,가루매마을,37.451951,127.614519
tourspot,가리산(포천),38.045056,127.408018
tourspot,가평 아홉마지기마을,37.84757,127.487744
tourspot,가평 연인산마을,37.90143,127.462664
tourspot,가평 연하리향나무,37.798653,127.348217
tourspot,가평 영양잣마을,37.774159,127.364538
tourspot,가평 현충탑,37.812635,127.515748
tourspot,가평별묘,37.619682,127.491545
tourspot,갈미한글공원,37.378018,126.98497
tourspot,감악산(파주),37.941755,126.969014
tourspot,강상체육공원,37.48329,127.485966
tourspot,강씨봉,37.969187,127.382409
tourspot,강씨봉 자연휴양림,37.970007,127.408387
tourspot,강영천효자문,37.968977,127.421408
tourspot,강하체육공원,37.496612,127.414183
tourspot,강한사,37.299125,127.633139
tourspot,개군레포츠공원,37.434155,127.531844
tourspot,개나리공원,37.20955,127.065515
tourspot,개미허리아치교,37.286751,126.537711
tourspot,개원사(광주),37.474546,127.18583
tourspot,갱매폭포,37.434551,127.033114
tourspot,걸포중앙공원,37.638672,126.706413
tourspot,검단산,37.517562,127.249401
tourspot,경기광주 한옥마을,37.438504,127.23003
tourspot,경기도국민안전체험관,37.17849,127.062746
tourspot,경기상상캠퍼스,37.266581,126.98119
tourspot,경기창작캠퍼스,37.226793,126.63232
tourspot,경반계곡,37.833049,127.469219
tourspot,경안천 습지생태공원,37.457353,127.303217
tourspot,경앙사,37.045949,127.184117
tourspot,경희천문대,37.248001,127.080882
tourspot,고구려목장,38.001132,126.992168
tourspot,고기동 오리촌,37.358499,127.054892
tourspot,고기리계곡,37.358552,127.044315
tourspot,고남산 자철석 광산 (한탄강 유네스코 세계지질공원),38.09923,127.212918
tourspot,고대산,38.197756,127.167416
tourspot,고덕생활체육공원,37.804453,127.064051
tourspot,고래뿌리선착장(고랫부리선착장),37.200251,126.569413
tourspot,고삼호수,37.082051,128.00002
tourspot,고색뉴지엄,37.240142,126.974322
tourspot,고송정지,37.359159,126.835179
tourspot,고양 서삼릉 [유네스코 세계유산],37.663066,126.866976
tourspot,고양관광정보센터,37.65954,126.772712
tourspot,고양관광특구,37.65954,126.772712
tourspot,고양드론앵커센터,37.604415,126.867258
tourspot,고잔저수지,37.06775,126.909313
tourspot,고천체육공원,37.347952,126.982371
tourspot,곤지바위,37.349594,127.338761
tourspot,곤지암반디숲,37.363523,127.330953
tourspot,골드펫리조트,37.218814,127.136469
tourspot,곱돌광산약수터,37.521575,127.242998
tourspot,공릉천,37.685455,126.866914
tourspot,과천 은행나무길,37.424276,126.97973
tourspot,과천야생화자연학습장,37.420852,126.970915
tourspot,과천향교,37.433464,126.987435
tourspot,관문체육공원,37.440958,126.994331
tourspot,관음산,38.029256,127.310816
tourspot,광교 프라이부르크전망대,37.280725,127.066007
tourspot,광교산 형제봉,37.328852,127.037114
tourspot,광교중앙공원,37.294751,127.060116
tourspot,광교호수공원 반려견 놀이터,37.283561,127.077264
tourspot,광주 산두른마을,37.27926,127.291373
tourspot,광주 조선백자 요지,37.446632,127.268445
tourspot,광주시 호국보훈공원,37.409414,127.251298
tourspot,광주향교,37.522058,127.198477
tourspot,교동 장독대마을,38.102935,127.218636
tourspot,교하동 고인돌 산림욕장,37.746415,126.740568
tourspot,교하중앙공원,37.723406,126.712319
tourspot,교하향교,37.749632,126.776918
tourspot,구름산 산림욕장(구름산 도시자연공원),37.454599,126.877225
tourspot,구리 자원회수시설,37.588752,127.160898
tourspot,구리문화재단,37.595604,127.129868
tourspot,구봉도 낙조전망대,37.288259,126.534519
tourspot,구봉솔숲해수욕장,37.282052,126.553112
tourspot,국립 산음자연휴양림,37.596134,127.575183
tourspot,국립 운악산자연휴양림,37.883165,127.306518
tourspot,국립 유명산자연휴양림,37.593249,127.491468
tourspot,국립아세안자연휴양림,37.773877,126.942193
tourspot,국망봉자연휴양림,38.028975,127.396289
tourspot,국제광림비전랜드,37.680195,127.364216
tourspot,국청사(경기),37.484176,127.17733
tourspot,국화도,37.061078,126.55899
tourspot,군포 중앙공원,37.361633,126.92872
tourspot,궁평관광지,37.128494,126.683302
tourspot,궁평리 해수욕장,37.123462,126.684846
tourspot,궁평항광장,37.11621,126.683385
tourspot,궁평해송군락지,37.120965,126.685046
tourspot,권율장군묘,37.734056,126.947477
tourspot,궐리사,37.158781,127.062739
tourspot,귀목봉,37.941918,127.383665
tourspot,귀여리 벚꽃길,37.507453,127.316817
tourspot,그라운드플래닛,37.433912,127.011166
tourspot,그랑꼬또 와이너리,37.25708,126.582144
tourspot,그리팅맨,38.122757,127.033417
tourspot,극락사(경기),37.37241,127.271714
tourspot,글램트리리조트,37.786396,127.321692
tourspot,금곡공원,37.35695,127.109218
tourspot,금은모래강변공원,37.28951,127.67203
tourspot,금정사(김포),37.607239,126.709
tourspot,금주산,37.957256,127.272716
tourspot,기천서원지,37.392648,127.529712
tourspot,기흥맛깔촌,37.268472,127.106321
tourspot,기흥호수공원,37.240672,127.101083
tourspot,김중업 건축박물관(옛 유유산업 공장),37.417798,126.917759
tourspot,김포 대명항,37.639441,126.541717
tourspot,김포 덕포진,37.649837,126.536676
tourspot,김포 사색의 길,37.654836,126.699363
tourspot,김포 수안산성,37.638606,126.588943
tourspot,김포 장릉(원종·인헌왕후) [유네스코 세계유산],37.612516,126.715588
tourspot,김포곤충농장,37.588731,126.755577
tourspot,김포국제조각공원,37.720951,126.55568
tourspot,김포레코파크,37.64296,126.709455
tourspot,김포향교,37.624707,126.709574
tourspot,까치울음식테마마을,37.515152,126.813812
tourspot,꿈의동산,37.784599,127.483341
tourspot,나남수목원,37.948185,127.150803
tourspot,나리농원,37.787155,127.083716
tourspot,나혜석거리,37.264021,127.034438
tourspot,낙생대공원,37.389024,127.108139
tourspot,낙원역사공원,37.005413,127.273257
tourspot,남양주 광릉(세조·정희왕후) [유네스코 세계유산],37.748645,127.175103
tourspot,남양주 구 팔당역,37.544314,127.248791
tourspot,남양호(남양황라),37.015482,126.815734
tourspot,남이장군묘 (화성),37.248511,126.831727
tourspot,남한산성 전통음식마을,37.476771,127.188504
tourspot,남한산성도립공원 [유네스코 세계유산],37.476668,127.188385
tourspot,남한산성벚꽃길,37.47418,127.193923
tourspot,남한산성행궁,37.478899,127.18153
tourspot,내동마을 연꽃단지,37.176064,127.296825
tourspot,내손체육공원,37.386078,126.983151
tourspot,너리굴 문화마을,37.041493,127.280411
tourspot,네이처스파,37.708991,126.704339
tourspot,노강서원,37.700121,127.06299
tourspot,노리개운동장,37.18459,127.294459
tourspot,노산사지,37.639968,127.4278
tourspot,노성산,37.128012,127.50288
tourspot,노송지대,37.316053,126.987116
tourspot,노작호수공원,37.206251,127.080016
tourspot,녹수계곡,37.780954,127.395319
tourspot,누에섬 등대전망대,37.187278,126.632269
tourspot,능골공원,37.370338,127.116708
tourspot,니지모리 스튜디오,37.87962,127.092404
tourspot,다산중앙공원,37.625156,127.159783
tourspot,다원이음터,37.210592,127.104542
tourspot,단내 성가정 성지,37.219621,127.394721
tourspot,단대동 닭죽촌,37.462092,127.155766
tourspot,단원조각공원,37.315081,126.859639
tourspot,달전망대,37.31288,126.609562
tourspot,당거리나루터,36.992585,126.982448
tourspot,당남리섬,37.394751,127.542419
tourspot,당남지구공원,37.393637,127.548302
tourspot,당수체육공원,37.292952,126.943379
tourspot,당정뜰,37.550755,127.222419
tourspot,대가농원,37.515455,127.299554
tourspot,대광사(성남),37.346799,127.127661
tourspot,대금산(가평),37.818955,127.421018
tourspot,대법사(여주),37.22853,127.604882
tourspot,대부도 방아머리 음식문화거리,37.243676,126.585152
tourspot,대부도 흘곶어촌체험마을,37.205947,126.549303
tourspot,대부바다향기테마파크,37.290535,126.580679
tourspot,대성리 국민관광지,37.679893,127.379559
tourspot,대왕저수지,37.431652,127.083615
tourspot,대원공원,37.434028,127.150662
tourspot,대유평공원,37.287481,126.991558
tourspot,대평지,37.422325,127.633143
tourspot,대포서원(김포),37.617056,126.629115
tourspot,댕이골 전통음식거리,37.294681,126.842285
tourspot,더 히로 플레이 그라운드,37.866611,127.277146
tourspot,더그림,37.529143,127.49708
tourspot,더드림딸기체험농장,37.580417,127.331544
tourspot,더스테이힐링파크,37.66135,127.523916
tourspot,더헤븐 리조트,37.229905,126.562665
tourspot,덕봉서원,37.046046,127.192472
tourspot,덕산저수지,37.077451,127.364416
tourspot,덕우저수지,37.170152,126.930314
tourspot,덕진산성,37.914479,126.771155
tourspot,덕풍공원,37.534548,127.198844
tourspot,도덕산공원,37.469852,126.857715
tourspot,도드람산(저명산),37.267652,127.392517
tourspot,도드람테마파크,37.241243,127.502541
tourspot,도라전망대,37.908887,126.704786
tourspot,도성사,37.914162,127.312197
tourspot,도예공방 들꽃마을,37.293571,127.386178
tourspot,도예촌 쌀밥거리,37.311341,127.400951
tourspot,도원체육공원,37.132665,126.928024
tourspot,도자누리,37.429664,127.26088
tourspot,도척그린공원,37.2948,127.327791
tourspot,독바위공원,37.824598,127.077274
tourspot,독산성산림욕장,37.1808,127.018059
tourspot,동도사(용인),37.108503,127.19817
tourspot,동두천 관광특구,37.946778,127.072874
tourspot,동두천자연휴양림,37.889922,127.137133
tourspot,동막골유황천,38.089659,127.081244
tourspot,동백호수공원,37.276752,127.150875
tourspot,동북공심돈,37.289451,127.024516
tourspot,동주염전,37.233603,126.600767
tourspot,동천자연식물원,37.337449,127.079452
tourspot,동키스타즈,37.199963,127.399835
tourspot,동탄센트럴파크,37.205689,127.063596
tourspot,동탄어린이천문대,37.178853,127.030638
tourspot,동탄여울공원,37.19956,127.087185
tourspot,동탄중앙어울림센터,37.199852,127.112225
tourspot,동탄치동천체육공원,37.205979,127.107
tourspot,동탄호수공원,37.166953,127.102449
tourspot,동학산공원,37.220596,127.078652
tourspot,두창저수지,37.147351,127.337517
tourspot,둔촌이집묘역,37.428279,127.154081
tourspot,둘리광장,37.489012,126.753291
tourspot,들꽃가람농장,38.04559,127.111731
tourspot,디스커버리 네이처스케이프 동탄점,37.166942,127.105171
tourspot,딸기랑소풍가기좋은날,37.117413,127.175927
tourspot,라베니체 마치에비뉴,37.64024,126.679624
tourspot,라비돌 호텔&리조트,37.187146,126.984176
tourspot,렛츠런파크 서울 포니랜드,37.444127,127.00865
tourspot,로만바스,37.233316,127.156953
tourspot,루덴시아,37.401479,127.461482
tourspot,마둔저수지,36.970549,127.310916
tourspot,마송중앙공원,37.686628,126.598769
tourspot,마이애니멀스토리 in 평강랜드,38.05009,127.306244
tourspot,마장리계곡,37.778044,126.877244
tourspot,마장호수,37.775254,126.930114
tourspot,만골근린공원,37.286245,127.113603
tourspot,만기사(평택),37.10779,127.100739
tourspot,만석거공원,37.301838,127.002568
tourspot,만석공원,37.302333,127.003076
tourspot,만세고개,37.061263,127.173351
tourspot,맑은물상상누리,37.337379,126.697361
tourspot,망경암,37.453609,127.136679
tourspot,망곡산 연인공원,38.096553,127.075053
tourspot,망월사(경기),37.704986,127.021099
tourspot,매산리석불입상,37.08514,127.434982
tourspot,매산서원,37.306406,127.576402
tourspot,매송체육공원,37.248462,126.928387
tourspot,매탄공원,37.266982,127.045904
tourspot,매향리평화생태공원,37.043689,126.755689
tourspot,매향항선착장,37.073643,126.73301
tourspot,맹산환경생태학습원,37.405309,127.142022
tourspot,명달리계곡,37.619854,127.450318
tourspot,명성산,38.095674,127.350422
tourspot,명성산억새밭,38.082356,127.341917
tourspot,명지계곡,37.936356,127.481417
tourspot,명지산군립공원,37.935709,127.487195
tourspot,모꼬지마을,37.517302,127.612384
tourspot,모담공원,37.648012,126.684734
tourspot,모산목장,37.802347,126.724026
tourspot,몬스터리움,37.642893,126.546297
tourspot,묘적사계곡,37.618453,127.268115
tourspot,무갑리계곡,37.416253,127.341217
tourspot,무릉도원수목원,37.503353,126.818215
tourspot,문수산,37.73914,126.538906
tourspot,문수산마애보살상,37.16945,127.285016
tourspot,문수산산림욕장,37.737254,126.533212
tourspot,문원체육공원,37.428012,127.002245
tourspot,문헌사(삼봉 정도전 사당),37.080016,127.122738
tourspot,문헌서원(오산),37.174301,127.053459
tourspot,물맑음수목원,37.705819,127.295613
tourspot,물봉선어린이공원,37.294151,127.053916
tourspot,물왕호수,37.382831,126.830126
tourspot,미륵사(용인),37.347853,127.056865
tourspot,미륵암(의정부),37.732318,127.100133
tourspot,미리내리조트,37.48104,127.649782
tourspot,미사한강공원2호,37.576821,127.18075
tourspot,미사한강공원4호,37.577901,127.188507
tourspot,미사한강공원5호,37.580604,127.19084
tourspot,미사호수공원,37.562508,127.187697
tourspot,미산저수지,37.131451,127.256816
tourspot,미음나루터(미음나루 풍속마을),37.586036,127.17235
tourspot,바우덕이사당,36.913269,127.291861
tourspot,박두진 시비,37.035027,127.310892
tourspot,박목월 시의 정원,37.298801,127.254995
tourspot,반남박씨묘역,37.213167,127.084641
tourspot,반달공원,37.250926,127.078874
tourspot,반딧불마을,37.648185,127.497183
tourspot,반월공원,37.289921,126.869566
tourspot,발랑저수지,37.807189,126.90576
tourspot,밤일마을 음식문화거리,37.452752,126.865015
tourspot,방아머리선착장,37.296398,126.57441
tourspot,방아머리해수욕장,37.289918,126.577899
tourspot,방죽공원,37.244754,127.051496
tourspot,배꼽다리,37.896954,127.112616
tourspot,배다리지,37.00025,127.118516
tourspot,배혜정도가,37.149566,126.960929
tourspot,백련사(가평),37.784013,127.349653
tourspot,백련사(용인),37.307063,127.181521
tourspot,백미리갯벌체험장,37.143642,126.679927
tourspot,백미리어촌체험휴양마을,37.143426,126.680127
tourspot,백미항,37.143526,126.680135
tourspot,백석생활체육공원,37.813353,126.983394
tourspot,백운사(의왕),37.34986,127.008233
tourspot,백운산(포천),38.071712,127.410278
tourspot,백운호수 음식마을,37.380568,127.000149
tourspot,백의리층 (한탄강 유네스코 세계지질공원),38.061755,127.117416
tourspot,백학자유로리조트,38.012982,126.953136
tourspot,백화암(양주),37.794645,127.026696
tourspot,뱃길조각공원,37.585254,126.774959
tourspot,버섯구지마을,37.809494,127.364287
tourspot,법륜사(용인 문수산),37.169695,127.299045
tourspot,법륭사,37.395968,126.803758
tourspot,벗고개,37.502025,127.731152
tourspot,별망성지,37.299829,126.797934
tourspot,별빛정원,37.992951,127.52264
tourspot,보광사(과천),37.422988,126.984711
tourspot,보구정사,37.263662,127.166696
tourspot,보원장탄온천,37.597606,127.140033
tourspot,보적사(오산),37.183824,127.019689
tourspot,보통저수지,37.19335,126.974815
tourspot,보현선원,37.308271,127.019
tourspot,봉골근린공원,37.026738,127.06194
tourspot,봉담호수공원,37.219652,126.951414
tourspot,봉돈,37.281552,127.021214
tourspot,봉림사(화성),37.206202,126.845393
tourspot,봉서정,37.398653,127.531817
tourspot,봉선사(남양주),37.74707,127.183908
tourspot,부곡체육공원,37.314689,126.958516
tourspot,부락산분수공원,37.066108,127.070727
tourspot,부천 원미공원,37.497545,126.797887
tourspot,부천 중앙공원,37.500658,126.763729
tourspot,부천시자원순환센터,37.542306,126.764458
tourspot,부천식물원,37.505625,126.815674
tourspot,북내체육공원,37.336452,127.677642
tourspot,북변동 올드타운,37.624743,126.710585
tourspot,분당 어린이천문대,37.323311,127.155073
tourspot,분당 정자동 카페거리,37.36861,127.105923
tourspot,분원리 붕어찜마을,37.495935,127.299116
tourspot,분지섬저수지,37.247352,126.794113
tourspot,불곡산,37.798645,127.028899
tourspot,불암사(남양주),37.658337,127.101441
tourspot,비금계곡,37.732921,127.296593
tourspot,비둘기공원,37.441652,126.794114
tourspot,뿌리깊은나무숲,37.384465,127.013126
tourspot,쁘띠프랑스,37.715371,127.490315
tourspot,사과깡패,37.982622,127.244585
tourspot,사기막골근린공원,37.446136,127.183386
tourspot,사나사 계곡,37.537387,127.505954
tourspot,사나사(양평),37.538142,127.50651
tourspot,사세충렬문,37.3374,126.830571
tourspot,사슴마을,37.375485,127.473454
tourspot,사충서원,37.49555,127.236944
tourspot,산들소리,37.651211,127.101541
tourspot,산머루농원,37.9603,126.957937
tourspot,산본IC체육공원,37.375448,126.928809
tourspot,산장관광지,37.754299,127.410648
tourspot,산정랜드,38.068591,127.324328
tourspot,삼덕공원,37.397459,126.916423
tourspot,삼막사,37.434541,126.935945
tourspot,삼막사 남녀근석,37.434541,126.935945
tourspot,삼막사 마애삼존불,37.434541,126.935945
tourspot,삼막사계곡,37.434852,126.923013
tourspot,삼막애견공원,37.428997,126.914878
tourspot,삼봉리 한식마을,37.593724,127.337351
tourspot,삼성산산림욕장,37.420623,126.923016
tourspot,삼성화재 모빌리티뮤지엄,37.300095,127.217274
tourspot,상동호수공원,37.506177,126.744164
tourspot,상운사(고양),37.65633,126.968744
tourspot,상원사(용문산),37.548564,127.553089
tourspot,상희공원,37.410942,127.141186
tourspot,새빛공원,37.415853,126.888614
tourspot,새암공원,37.7092,126.747446
tourspot,새연리조트 가평설악2호점,37.683616,127.470384
tourspot,생명의나무 전망대,37.345594,126.687506
tourspot,서랑저수지,37.172551,127.014715
tourspot,서문,37.484692,127.176139
tourspot,서수원체육공원,37.247352,126.971214
tourspot,서암생활체육공원,37.704326,126.596874
tourspot,서운동산,37.771718,127.201881
tourspot,서운산성,36.928744,127.266827
tourspot,서울교통공사 모란차량사업소,37.420368,127.122784
tourspot,서울교통공사 지축차량사업소,37.649605,126.912152
tourspot,서울대공원 산림욕장,37.425252,127.015616
tourspot,서울랜드,37.435562,127.023837
tourspot,서천레스피아,37.239005,127.068342
tourspot,서천사(평택),37.015811,127.044214
tourspot,서해대교,36.948368,126.832124
tourspot,서현시범 맛집거리,37.384406,127.13096
tourspot,서후리숲,37.566371,127.430177
tourspot,서흥김씨삼강정문,37.08739,127.269355
tourspot,서희테마파크,37.276966,127.482
tourspot,석남사(안성),36.939241,127.307076
tourspot,석남사계곡,36.939241,127.307076
tourspot,석림사(의정부),37.701157,127.066212
tourspot,석산계곡,37.639454,127.602718
tourspot,석왕사(경기),37.491121,126.793221
tourspot,석천항,37.029749,126.764014
tourspot,석포숲공원,37.159751,127.257615
tourspot,선감어촌체험마을,37.22056,126.62989
tourspot,선납숲공원,37.21175,127.107816
tourspot,선돌근린공원,37.821485,127.081163
tourspot,선비마을,37.045724,127.185317
tourspot,선유랑마을,37.694563,126.911773
tourspot,선인장다육식물연구소(구 선인장연구소),37.685547,126.731351
tourspot,선창포구,37.130304,126.79565
tourspot,설곡옻샘체험마을,37.619955,127.513499
tourspot,설봉산,37.279751,127.420017
tourspot,설봉서원,37.281356,127.420764
tourspot,설봉저수지,37.277551,127.430819
tourspot,성남 중앙공원,37.380351,127.121194
tourspot,성남시 식물원,37.45304,127.167835
tourspot,성라공원,37.651053,126.839915
tourspot,성호호수연꽃단지,37.13945,127.52542
tourspot,세미원,37.540741,127.32419
tourspot,소구니산,37.578853,127.473017
tourspot,소래산 내원사,37.445693,126.781934
tourspot,소리산마을,37.64154,127.603876
tourspot,소울원,37.805916,126.734742
tourspot,소풍동물원,37.108931,127.059188
tourspot,솔밭공원(안성),37.01529,127.268555
tourspot,송라저수지,37.282853,126.903914
tourspot,송산그린시티전망대,37.287513,126.739989
tourspot,쇠꼴마을,37.882279,126.869897
tourspot,수곡서원,37.438961,127.597421
tourspot,수내동가옥(이택구가옥),37.380351,127.121194
tourspot,수덕산,37.916895,127.512407
tourspot,수도사(평택),37.002989,126.821909
tourspot,수동계곡,37.735332,127.293163
tourspot,수리산도립공원,37.348048,126.90054
tourspot,수미마을,37.515375,127.648281
tourspot,수암봉,37.364151,126.891515
tourspot,수원 지동벽화마을,37.282049,127.022897
tourspot,수원사(수원),37.280324,127.018834
tourspot,수원어린이교통공원,37.245454,127.062784
tourspot,수원통닭거리,37.279488,127.017653
tourspot,수원향교,37.272278,127.012198
tourspot,수작코리아,37.71764,126.877254
tourspot,수종사,37.568782,127.301742
tourspot,수주근린공원,37.530183,126.812468
tourspot,수지체육공원,37.330073,127.098467
tourspot,수진공원,37.436053,127.125417
tourspot,수촌교회(화성),37.10465,126.854295
tourspot,수풀로 삼회리,37.699494,127.393057
tourspot,수풀로 양수리,37.547024,127.32106
tourspot,수풀로 영문리,37.273581,127.210508
tourspot,순교자 황사영 알렉시오 묘,37.742053,126.977116
tourspot,술샘,37.23351,127.298585
tourspot,스타필드 시티 부천,37.461527,126.813928
tourspot,스파라스파 (곤지암리조트),37.336665,127.303162
tourspot,시화나래조력공원,37.311852,126.607012
tourspot,시흥 ABC행복학습타운,37.448903,126.785386
tourspot,시흥시청소년수련관,37.446487,126.797388
tourspot,신구대학교식물원,37.433719,127.081165
tourspot,신길역사유적공원,37.335741,126.784448
tourspot,신대레포츠공원,36.99405,127.065515
tourspot,신륵사관광지,37.297248,127.659697
tourspot,신창리삼층석탑,37.080929,127.24285
tourspot,신천근린공원,37.435808,126.785506
tourspot,신천생활체육공원,37.891595,127.044261
tourspot,신해철거리(성남),37.365605,127.126935
tourspot,신흥사(이천),37.145297,127.557028
tourspot,신흥사(화성),37.193096,126.709625
tourspot,심곡서원,37.306045,127.0767
tourspot,심온선생묘,37.296451,127.053116
tourspot,쌍계사(안산),37.263207,126.578394
tourspot,쌍미륵사와 기솔리석불입상,37.067071,127.343035
tourspot,씨즈커피 코리아,37.326276,127.241787
tourspot,아라김포여객터미널,37.597708,126.786985
tourspot,아르티스 테마파크,37.197246,127.097784
tourspot,아르피아체육공원,37.328243,127.105672
tourspot,아양동 석불입상,37.005449,127.263217
tourspot,아침고요가족동물원,37.747746,127.360484
tourspot,아쿠아플라넷 일산,37.66382,126.755578
tourspot,안산 다문화특구,37.329428,126.790589
tourspot,안산다문화음식거리,37.329051,126.790414
tourspot,안산시행복예절관,37.33219,126.83173
tourspot,안산식물원,37.314079,126.86105
tourspot,안산호수공원,37.300671,126.823565
tourspot,안산호수공원 무궁화동산,37.297488,126.825906
tourspot,안성 객사 정청,37.015666,127.323344
tourspot,안성 구메농사마을,37.024455,127.408231
tourspot,안성 남사당 바우덕이 묘,36.913649,127.274415
tourspot,안성 미리내마을,37.138456,127.258672
tourspot,안성 봉업사지,37.078463,127.430766
tourspot,안성 유별난마을,37.041178,127.233527
tourspot,안성 정무공 오정방 고택,37.045771,127.185867
tourspot,안성대농리석불입상,37.066279,127.271925
tourspot,안성도기동삼층석탑,37.00065,127.264117
tourspot,안성맞춤가족공원,37.014228,127.20313
tourspot,안성성당,37.010443,127.274296
tourspot,안성죽산리당간지주,37.078249,127.430919
tourspot,안성죽산리석불입상,37.083952,127.431119
tourspot,안성향교,37.013782,127.276998
tourspot,안성허브마을,37.065447,127.359606
tourspot,안양사(안양),37.422053,126.923336
tourspot,안양중앙시장 곱창골목,37.397692,126.920126
tourspot,안중레포츠공원,36.99282,126.918417
tourspot,안터생태공원,37.459384,126.869837
tourspot,안흥유원지,37.277424,127.450578
tourspot,알콩달콩유아숲체험원,37.214439,127.081455
tourspot,앵자봉,37.416451,127.397818
tourspot,약대울체육공원,37.651571,127.230576
tourspot,약사사(성남),37.467097,127.178758
tourspot,양섬,37.305441,127.620023
tourspot,양성 석조여래입상,37.055151,127.200115
tourspot,양성향교,37.067791,127.196893
tourspot,양주 관아지,37.785108,127.029516
tourspot,양주 대모산성,37.786754,127.011015
tourspot,양주 도자기나라,37.713434,126.953952
tourspot,양주 온릉(단경왕후) [유네스코 세계유산],37.720852,126.949644
tourspot,양주 초록지기마을,37.923463,126.997181
tourspot,양주 회암사지,37.845355,127.105315
tourspot,양주향교,37.786546,127.032593
tourspot,양지근린공원,37.235551,127.287516
tourspot,양지유황천,37.23544,127.297588
tourspot,양지향교,37.238656,127.28595
tourspot,양평 마들가리마을,37.499197,127.702452
tourspot,양평 맑은숲캠프,37.562041,127.7344
tourspot,양평 백운봉자연휴양림,37.516375,127.519168
tourspot,양평 생활문화센터,37.499629,127.476933
tourspot,양평 쉬자파크공원,37.51126,127.533211
tourspot,양평 옹달샘꽃누름마을,37.46185,127.607847
tourspot,양평 창대리 고가,37.471103,127.505915
tourspot,양평양떼목장,37.515458,127.628872
tourspot,어비계곡,37.600262,127.495092
tourspot,어천저수지,37.25535,126.917013
tourspot,에덴농장,37.821861,127.160755
tourspot,여물리체험마을,37.553569,127.706244
tourspot,여술근린공원,36.991349,126.841913
tourspot,여주 고달사지,37.393153,127.65482
tourspot,여주 늘향골마을,37.223496,127.705698
tourspot,여주 서화마을,37.39957,127.697544
tourspot,여주 양화나루,37.354151,127.573018
tourspot,여주 오감도토리마을,37.267668,127.690437
tourspot,여주 이포나루,37.401347,127.534981
tourspot,여주 파사성,37.410652,127.548018
tourspot,여주 팜스테이마을,37.408801,127.474611
tourspot,여주 해바라기마을,37.284495,127.740496
tourspot,여주 황포돛배,37.293112,127.666922
tourspot,여주강변유원지,37.294551,127.662419
tourspot,여주도자세상,37.300181,127.654501
tourspot,여주참숯마을,37.288736,127.699222
tourspot,여주향교,37.28899,127.628073
tourspot,역고드름,38.236685,127.161221
tourspot,역전근린공원,37.739147,127.047357
tourspot,연꽃테마파크,37.400754,126.808416
tourspot,연무대(동장대),37.288423,127.022964
tourspot,연주암,37.441496,126.966317
tourspot,연천 고랑포구 역사공원,37.988086,126.847732
tourspot,연천 숭의전지,38.023768,126.973025
tourspot,연천 유엔(UN)군 화장장시설,38.022857,126.995115
tourspot,연천 호로고루,37.985389,126.85977
tourspot,연천로하스파크,38.131073,127.045065
tourspot,연천역 급수탑,38.102157,127.074216
tourspot,연천향교,38.0964,127.0686
tourspot,연천호로고루,37.985548,126.861995
tourspot,열두개울,37.989454,127.085316
tourspot,열쇠전망대,38.155189,127.14415
tourspot,염불암(경기),37.425081,126.933571
tourspot,영각사(시흥),37.357534,126.798888
tourspot,영농조합 장촌마을,37.1644,127.252307
tourspot,영덕레스피아,37.272276,127.066946
tourspot,영원사(이천),37.35441,127.463322
tourspot,영월근린공원,37.29447,127.647676
tourspot,영월루,37.29447,127.647676
tourspot,영월암(이천),37.281812,127.416389
tourspot,영장공원,37.451151,127.138015
tourspot,영창대군묘,37.135549,127.439964
tourspot,영흥수목원,37.259633,127.073104
tourspot,영흥숲공원,37.259633,127.073104
tourspot,오남호수공원,37.695091,127.222276
tourspot,오마이쥬,37.184458,127.059477
tourspot,오봉산 석굴암,37.695776,126.994224
tourspot,오산 드라마세트장,37.180159,127.062869
tourspot,오산시청물놀이장,37.148929,127.077299
tourspot,오아시스,37.340575,126.688045
tourspot,오이도 선사유적공원,37.343089,126.696181
tourspot,오정각,37.360026,126.831351
tourspot,오정대공원,37.52995,126.796169
tourspot,오포생활체육공원,37.371221,127.243302
tourspot,오하포도농원,36.971695,127.272267
tourspot,오학체육공원,37.313857,127.658019
tourspot,옥정체육공원,37.828064,127.07093
tourspot,옥정호수공원,37.822199,127.095034
tourspot,옥천리 냉면마을,37.51996,127.464173
tourspot,온동물체험농장,37.414651,126.763967
tourspot,온온사,37.436167,126.992329
tourspot,올드타임,37.000182,127.200417
tourspot,와글아이,37.654185,126.775751
tourspot,와동체육공원,37.341261,126.821228
tourspot,와우목장,37.130684,127.513179
tourspot,와우정사(용인),37.194086,127.278463
tourspot,왕방계곡,37.895655,127.115516
tourspot,왕방산,37.896755,127.155815
tourspot,왕산사(포천),37.899611,127.172224
tourspot,용담저수지,37.188351,127.307416
tourspot,용덕사,37.170227,127.243425
tourspot,용덕저수지,37.18485,127.225118
tourspot,용마골소공원,37.446852,126.993315
tourspot,용문산 백운봉,37.533354,127.527319
tourspot,용문산 토속음식마을,37.545643,127.583705
tourspot,용문생활체육공원,37.494357,127.605697
tourspot,용상사(파주),37.798212,126.766353
tourspot,용암사(파주),37.753786,126.86509
tourspot,용연서원,37.950084,127.229034
tourspot,용인 곤충테마파크,37.145391,127.364576
tourspot,용인 구갈레스피아,37.266875,127.13126
tourspot,용인농촌테마파크,37.17282,127.298434
tourspot,용인미르스타디움(용인시민체육공원),37.249683,127.165174
tourspot,용인엑스파크공원,37.32284,127.110313
tourspot,용인중앙공원,37.231764,127.208398
tourspot,용인청정팜,37.191751,127.322017
tourspot,용인특례시 가상현실스포츠체험센터,37.238601,127.180554
tourspot,용인향교,37.295535,127.120194
tourspot,용주서원,37.799257,126.777166
tourspot,용추계곡(가평),37.859954,127.478917
tourspot,용화사(김포),37.66426,126.675971
tourspot,용화사(수원),37.261122,126.937314
tourspot,용화사(안성),36.946272,127.208968
tourspot,용화선원(광주),37.36184,127.194985
tourspot,우농타조농장,37.705519,126.713577
tourspot,우음도,37.287052,126.739015
tourspot,우저서원,37.62677,126.693937
tourspot,운계서원(양평),37.515094,127.600935
tourspot,운계폭포,37.911875,126.952314
tourspot,운길산,37.568782,127.301742
tourspot,운수암,37.036575,127.169769
tourspot,운악산 두부마을,37.865351,127.348973
tourspot,운암뜰 한식거리,37.146757,127.075341
tourspot,운정건강공원,37.715535,126.742
tourspot,운정체육공원,37.738214,126.768355
tourspot,운정호수공원,37.72016,126.760137
tourspot,울미연꽃마을,37.865804,127.223343
tourspot,웃다리문화촌,37.068815,127.008299
tourspot,웅진플레이도시,37.501485,126.744103
tourspot,원당종마목장 (렛츠런팜 원당),37.661502,126.868301
tourspot,원삼면 목신리 석조여래입상,37.105997,127.309923
tourspot,원효대사 깨달음 체험관,37.002422,126.821709
tourspot,월곶 생활문화센터,37.717018,126.552492
tourspot,월곶면민만세운동유적비,37.717509,126.535963
tourspot,월산대군사당,37.676092,126.873555
tourspot,위례중앙광장,37.473051,127.141917
tourspot,유니온파크,37.547339,127.220025
tourspot,유명산,37.593249,127.491468
tourspot,유명산계곡,37.58269,127.495668
tourspot,육지장사(양주),37.783598,126.944093
tourspot,율곡수목원,37.898366,126.822876
tourspot,은계2어울림센터,37.435836,126.797916
tourspot,은고개,37.473853,127.240616
tourspot,은대리 판상절리와 습곡구조 (한탄강 유네스코 세계지질공원),38.046158,127.056445
tourspot,은아목장,37.211782,127.620492
tourspot,은이성지(청년 김대건길),37.215953,127.277787
tourspot,은행공원,37.453751,127.169215
tourspot,의안대군방석묘역,37.480852,127.216816
tourspot,의왕도깨비도로,37.394053,127.027516
tourspot,의왕철도박물관,37.314064,126.950047
tourspot,이석영광장,37.632878,127.206679
tourspot,이익선생묘,37.31617,126.86
tourspot,이천 도니울명품쌀 정보화마을,37.206894,127.481283
tourspot,이천 도립리 반룡송,37.340601,127.475482
tourspot,이천 부래미마을,37.058746,127.547637
tourspot,이천 자채방아마을,37.191924,127.501262
tourspot,이천농업테마공원,37.179899,127.44487
tourspot,이천설봉온천랜드,37.276888,127.451492
tourspot,이천온천공원,37.281868,127.453858
tourspot,이천향교,37.285392,127.43751
tourspot,이충레포츠공원,37.066108,127.070727
tourspot,이충분수공원,37.065394,127.06738
tourspot,이탈리아마을 피노키오와 다빈치,37.715057,127.490926
tourspot,이포보,37.404364,127.536197
tourspot,이포보전망대,37.40543,127.54376
tourspot,이한농원,37.645002,126.754064
tourspot,이항복선생묘,37.831055,127.184817
tourspot,이해룡고가,36.911705,127.287028
tourspot,인계예술공원,37.25861,127.035994
tourspot,인처골마을,36.944448,127.269662
tourspot,일산 대화동 먹자골목,37.678154,126.754791
tourspot,일산 어린이천문대,37.700405,126.791104
tourspot,일영허브랜드(숲길정원),37.675532,126.923751
tourspot,일월수목원,37.28815,126.977035
tourspot,임장서원,38.092548,127.081405
tourspot,임진강 독개다리,37.890529,126.736809
tourspot,임진강 주상절리 (한탄강 유네스코 세계지질공원),38.019933,127.015449
tourspot,임진강 황포돛배,37.96507,126.889701
tourspot,입파도 홍암,37.106228,126.539429
tourspot,자연과별천문대,37.912923,127.47418
tourspot,자운서원,37.86619,126.871
tourspot,자인사(포천),38.073835,127.327536
tourspot,자전거생태공원,37.39046,127.251879
tourspot,잣향기푸른숲,37.770768,127.336566
tourspot,장경사(경기),37.475258,127.19792
tourspot,장안공원,37.287684,127.011606
tourspot,장안남산체육공원,37.07815,126.835014
tourspot,장안정사,37.660618,126.802309
tourspot,장욱진 고택,37.301193,127.120568
tourspot,장자호수공원생태체험관,37.583177,127.138603
tourspot,장지저수지,37.151871,127.108857
tourspot,장항습지,37.644755,126.742513
tourspot,장흥 참숯가마,37.744891,126.959768
tourspot,장흥관광지,37.730923,126.949444
tourspot,장흥생활체육공원,37.688031,126.919862
tourspot,장흥유원지,37.732848,126.951722
tourspot,장흥자연휴양림,37.758215,126.968544
tourspot,재인폭포 (한탄강 유네스코 세계지질공원),38.077223,127.142725
tourspot,적성향교,37.963626,126.923726
tourspot,정몽주선생묘,37.337912,127.179454
tourspot,정암수목공원,37.296898,127.076578
tourspot,정약용선생묘,37.516249,127.299077
tourspot,정약용유적지(남양주),37.516555,127.299279
tourspot,정왕동체육공원,37.339652,126.757092
tourspot,정충묘,37.386273,127.297572
tourspot,정토사(성남),37.425869,127.068067
tourspot,정혜사,37.648966,126.793761
tourspot,제부도,37.168658,126.624484
tourspot,제부도선착장,37.177871,126.621942
tourspot,제부마리나,37.175324,126.628183
tourspot,조강저수지,37.751887,126.578513
tourspot,조무락계곡,37.98747,127.460465
tourspot,조선왕가,38.063643,127.101473
tourspot,조종천계곡,37.755554,127.413618
tourspot,종현농어촌체험휴양마을,37.280427,126.547546
tourspot,좌상바위 (한탄강 유네스코 세계지질공원),38.037566,127.103479
tourspot,주금산,37.783545,127.244691
tourspot,주식회사더정원의뜰,37.628796,127.209379
tourspot,주파크,37.777914,127.165367
tourspot,죽미체육공원,37.179456,127.042143
tourspot,죽산 두현리 석조삼존불입상,37.07365,127.412518
tourspot,죽산성지(이진터성지),37.075864,127.449678
tourspot,죽산향교,37.082429,127.423728
tourspot,죽전중앙공원,37.320252,127.116515
tourspot,죽주산성,37.089523,127.429827
tourspot,중대물빛공원,37.402775,127.218098
tourspot,중미산자연휴양림,37.5818,127.457155
tourspot,중원산,37.559553,127.60202
tourspot,쥬라기랜드,37.435562,127.023837
tourspot,쥬쥬랜드,37.690188,126.855318
tourspot,지순택요(고려도요),37.311964,127.398879
tourspot,지장계곡,38.102901,127.193761
tourspot,지장산 응회암 (한탄강 유네스코 세계지질공원),38.102901,127.193761
tourspot,지평레포츠공원,37.49,127.632455
tourspot,지평지구전투전적비,37.478688,127.637314
tourspot,지평향교,37.480973,127.636872
tourspot,직동근린공원,37.740413,127.032633
tourspot,진달래동산,37.499953,126.800314
tourspot,진위향교,37.098783,127.095068
tourspot,진주목장 낙농체험,37.241326,126.879345
tourspot,창룡문,37.287851,127.025116
tourspot,창리저수지,37.127014,127.169158
tourspot,창문아트센터,37.257587,126.815978
tourspot,책테마파크도서관,37.382718,127.150974
tourspot,처인성,37.148473,127.170063
tourspot,천덕제(동항저수지),37.065349,127.187116
tourspot,천보사(경기),37.65644,127.095599
tourspot,천서리 막국수촌,37.4029,127.547557
tourspot,천은정사,37.381129,127.143556
tourspot,천주교 손골성지,37.344284,127.052521
tourspot,천진암 성지,37.424414,127.382794
tourspot,천진암계곡,37.427633,127.370281
tourspot,청강 만화역사박물관,37.205103,127.355625
tourspot,청계목장,37.154032,127.400372
tourspot,청계호수,37.941656,127.340316
tourspot,청련사(양주),37.72909,126.949533
tourspot,청련암(수원),37.300486,127.023022
tourspot,청록뜰,36.994249,127.336016
tourspot,청룡지,36.90435,127.280918
tourspot,청석공원,37.410552,127.262516
tourspot,청암관광농원,37.267463,127.517411
tourspot,청평자연휴양림,37.713145,127.405475
tourspot,청평호반,37.681314,127.471573
tourspot,청학밸리리조트,37.703043,127.105314
tourspot,초록산산림욕장,37.091751,126.955814
tourspot,초롱이둥지마을,37.603129,127.524312
tourspot,초월생활체육공원,37.365564,127.316635
tourspot,최규서어서각,37.058999,127.146548
tourspot,최영장군묘,37.701387,126.885987
tourspot,축령산,37.752961,127.309166
tourspot,축령산자연휴양림,37.752961,127.309166
tourspot,충렬서원,37.340945,127.170579
tourspot,충장근린체육공원,37.614754,126.824414
tourspot,친환경농업박물관,37.547656,127.58127
tourspot,칠장산,37.030849,127.391218
tourspot,침강저류지,37.197052,127.252018
tourspot,카포레,37.50577,127.43539
tourspot,캐리비안베이,37.293379,127.201339
tourspot,캠프 그리브스,37.898486,126.731645
tourspot,켄싱턴리조트 가평,37.760589,127.395016
tourspot,코코몽에코파크 (용인),37.3545,127.052051
tourspot,큰삼촌농촌체험,37.560864,127.775249
tourspot,클럽보드힐링리조트,37.750318,127.530943
tourspot,클로버리조트,37.75917,127.541836
tourspot,타임빌라스 수원,37.264229,126.997308
tourspot,탄도어촌체험마을,37.193356,126.645242
tourspot,탄천민물고기습지생태원,37.447851,127.118414
tourspot,탑동유원지,37.893255,127.109516
tourspot,태산패밀리파크,37.72528,126.629826
tourspot,태풍전망대,38.125122,126.974366
tourspot,태현공원,37.369508,127.143689
tourspot,태화산(경기),37.280751,127.293617
tourspot,택승정,37.508995,127.633338
tourspot,테르메덴,37.194884,127.446656
tourspot,테이블에이 다산점,37.625228,127.154117
tourspot,토담참숯가마,37.774019,126.960558
tourspot,통일공원(파주),37.849096,126.789769
tourspot,퇴골계곡,37.951542,126.919585
tourspot,퇴촌 맛다냐 딸기 체험농장,37.459404,127.330009
tourspot,퇴촌식물원,37.46735,127.326092
tourspot,파머스가든봄,37.494985,127.460224
tourspot,파산서원,37.932162,126.859927
tourspot,파주 가월리와 주월리 유적,37.984193,126.90423
tourspot,파주 맛고을 음식문화거리,37.7993,126.684441
tourspot,파주 산머루마을,37.969451,126.951926
tourspot,파주 삼릉 [유네스코 세계유산],37.742862,126.829516
tourspot,파주 윤관장군묘,37.76772,126.855277
tourspot,파주 율곡습지공원,37.889544,126.813574
tourspot,파주 이이 유적,37.866117,126.870961
tourspot,파주 장릉(인조·인열왕후) [유네스코 세계유산],37.769418,126.710956
tourspot,파주 출판도시,37.708344,126.68668
tourspot,파주임진팔경,37.866715,126.753286
tourspot,파주장단콩웰빙마루,37.777424,126.683267
tourspot,파주출판단지근린공원,37.719653,126.688213
tourspot,파주팜랜드,37.810093,126.692393
tourspot,파크엘림,37.090782,127.489938
tourspot,파평용연,37.928554,126.846314
tourspot,판교공원,37.392074,127.090566
tourspot,팔달공원,37.277397,127.010476
tourspot,팔달문,37.277536,127.016717
tourspot,팔달사(수원),37.276591,127.015676
tourspot,팔달산,37.280244,127.008132
tourspot,팔당호,37.508453,127.296316
tourspot,팜앤트리,37.162744,127.335436
tourspot,팽성레포츠공원,36.969136,127.06591
tourspot,평촌먹거리촌,37.383053,126.962314
tourspot,평촌중앙공원,37.390188,126.961344
tourspot,평택향교,36.965456,127.056034
tourspot,평택호,36.921492,126.922241
tourspot,평택호관광단지,36.921492,126.922241
tourspot,평택호예술공원,36.92175,126.923613
tourspot,평화랜드,37.890432,126.741953
tourspot,포승레포츠공원,36.982801,126.884115
tourspot,포천 산정호수,38.065527,127.314445
tourspot,포천 아우라지 베개용암 (한탄강 유네스코 세계지질공원),38.041779,127.117522
tourspot,포천딸기힐링팜,38.008324,127.227058
tourspot,포천수원산정상전망대,37.857364,127.265089
tourspot,포천축구공원,37.953756,127.242816
tourspot,푸르내마을 [농촌체험],38.03478,127.106701
tourspot,풍도,37.111211,126.392926
tourspot,풍동 애니골,37.671622,126.789441
tourspot,피싱파크 진산각,37.626587,126.689846
tourspot,피크닉댕댕,37.866991,127.10852
tourspot,하길체육공원,37.08935,126.911415
tourspot,하남 나무고아원,37.582142,127.196154
tourspot,하남 동사지,37.516903,127.18534
tourspot,하남 이성산성,37.525207,127.185162
tourspot,하동천 생태탐방로,37.691664,126.653311
tourspot,하얀마음선원관음사,37.396699,127.133789
tourspot,하우현성당,37.395742,127.023227
tourspot,하피랜드,37.168624,126.888532
tourspot,학운공원,37.398904,126.947292
tourspot,한반도생태평화 종합관광센터,37.890998,126.739892
tourspot,한반도통일미래센터,38.001635,127.008089
tourspot,한탄강 관광지,38.008932,127.058876
tourspot,한탄강댐,38.062435,127.128937
tourspot,한택식물원,37.094061,127.409767
tourspot,한터농원(한터조랑말농장),37.271263,127.265303
tourspot,할아버지동물농장,37.064495,126.785375
tourspot,행궁동 벽화마을,37.285713,127.016548
tourspot,행주산성 역사공원,37.59827,126.81976
tourspot,행주산성먹거리촌,37.596259,126.826101
tourspot,행주외동 장어마을,37.602664,126.820359
tourspot,행주커뮤니티센터,37.602622,126.822865
tourspot,현충탑(하남),37.53013,127.236071
tourspot,호국사(경기),37.527844,127.238862
tourspot,호국생활체육공원,37.359684,127.321174
tourspot,호수유원지,37.926763,127.492178
tourspot,홍승인고가,37.152244,126.959379
tourspot,화랑유원지,37.326782,126.81244
tourspot,화림선원,37.318051,126.866613
tourspot,화산서원(포천),37.841887,127.175648
tourspot,화성 궁평어촌체험휴양마을,37.11621,126.683385
tourspot,화성 융건릉,37.208185,126.989286
tourspot,화성 은행나무마을,37.070453,126.935905
tourspot,화성 정수영 고택,37.132502,126.700661
tourspot,화성 제암리 3·1운동 순국 유적,37.126151,126.891727
tourspot,화성가시리마을,37.240778,126.803507
tourspot,화성시어린이문화센터,37.212384,126.960816
tourspot,화성식염온천,37.093596,126.866905
tourspot,화성어차,37.287915,127.023703
tourspot,화수관광농원,37.111765,126.797406
tourspot,화악계곡,37.975356,127.526618
tourspot,화운사(용인),37.252186,127.162966
tourspot,화정 문화의거리,37.63456,126.832121
tourspot,황계동 정조마을,37.22237,127.01365
tourspot,황금산문화공원,37.607975,127.162061
tourspot,황새울공원,37.383309,127.118161
tourspot,황송공원,37.446052,127.173915
tourspot,황학산수목원,37.278633,127.648985
tourspot,황희선생유적지·반구정,37.867921,126.752716
tourspot,회룡사(의정부),37.720262,127.027973
tourspot,회암사(양주),37.850271,127.107751
tourspot,회암저수지,37.06245,127.363117
tourspot,효원공원,37.264204,127.039324
tourspot,효원의 종·서장대,37.281869,127.016389
tourspot,효자촌 먹자골목,37.378251,127.138615
tourspot,휴리조트,37.785056,127.099923
tourspot,흔들전망대,37.389163,126.782691
tourspot,흥국사(고양),37.663431,126.939775
tourspot,흥국사(남양주),37.684432,127.098487
tourspot,흥룡사,38.071712,127.410278
tourspot,흥왕사,37.347757,127.706411
tourspot,희망공원,37.336279,126.714663
tourspot,힐데루시 자연치유 협동조합,37.958534,127.157852
tourspot,힐사이드온천텔,37.152364,126.881447
tourspot,1.21 무장공비 침투로,37.970202,126.828157
tourspot,4.16희망목공소(4.16희망목공협동조합),37.343691,126.834985
tourspot,DMZ 생생누리,37.890584,126.739734
tourspot,감중공원,37.493238,126.67362
tourspot,갑곶돈대,37.733538,126.517114
tourspot,갑곶순교성지,37.734196,126.517495
tourspot,강화 사기리 탱자나무,37.616503,126.456723
tourspot,강화 삼랑성,37.633335,126.484356
tourspot,강화 서도 중앙교회,37.643685,126.244278
tourspot,강화 아르미애월드,37.702926,126.434756
tourspot,강화 오상리 고인돌군,37.730955,126.402211
tourspot,강화 용두레마을,37.718476,126.360412
tourspot,강화 원도심 스토리워크,37.748474,126.486111
tourspot,강화 화문석마을,37.802004,126.458468
tourspot,강화도령 화문석 체험장,37.767899,126.44575
tourspot,강화산성,37.75604,126.483897
tourspot,강화유수부 동헌,37.750885,126.485436
tourspot,거북바위,37.439153,126.379165
tourspot,거잠포선착장,37.422114,126.425426
tourspot,거잠포해변,37.422133,126.425453
tourspot,건지공원,37.494049,126.679414
tourspot,검은낭,37.842772,124.708225
tourspot,경인아라뱃길 검암공원,37.570268,126.675379
tourspot,경인아라뱃길 아라타워 전망대,37.558437,126.607397
tourspot,계룡돈대,37.723528,126.353824
tourspot,계산국민체육공원,37.54503,126.728983
tourspot,계양산,37.550238,126.723409
tourspot,계양산 산림욕장,37.549752,126.730514
tourspot,계양산장미원,37.547102,126.712751
tourspot,구 인천우체국,37.470059,126.623317
tourspot,구 일본우선주식회사 인천지점,37.472645,126.620459
tourspot,국가유산 방문 캠페인 인천공항 홍보관,37.447703,126.452175
tourspot,국사봉(인천),37.391595,126.415949
tourspot,굴포천 생태하천,37.511912,126.73665
tourspot,난정리 전망대,37.77628,126.229495
tourspot,난정리 해바라기마을 정원,37.776608,126.230481
tourspot,넛출선착장,37.254077,126.510989
tourspot,늘푸른공원,37.542254,126.623485
tourspot,능내근린공원,37.601403,126.666918
tourspot,달빛축제공원,37.395343,126.659766
tourspot,대청도 농여해변,37.841164,124.701543
tourspot,대청도 옥죽동 해안사구,37.843333,124.714833
tourspot,대학공원,37.421882,126.684985
tourspot,대한성공회 강화성당,37.749657,126.485664
tourspot,더위크앤리조트 (THE WEEK & RESORT),37.451182,126.371171
tourspot,두리생태공원,37.569094,126.756333
tourspot,드림파크 주민체육공원,37.585504,126.639163
tourspot,마리앤쥬,37.394618,126.651195
tourspot,마이랜드,37.473753,126.59865
tourspot,만수산 무장애나눔길,37.467922,126.735676
tourspot,망월돈대 및 장성,37.741689,126.355379
tourspot,무의도,37.38934,126.424915
tourspot,무의바다누리길,37.374075,126.44262
tourspot,민머루해변,37.6516,126.332805
tourspot,밧지름해변,37.215244,126.139379
tourspot,배다리 헌책방 골목,37.472787,126.63613
tourspot,백령도 콩돌해변,37.923407,124.698082
tourspot,백운공원,37.482342,126.702929
tourspot,백운산전망대,37.492488,126.516582
tourspot,부영공원,37.495963,126.709828
tourspot,부평 해물탕거리,37.494253,126.727713
tourspot,부평역북광장,37.490625,126.724732
tourspot,북성포구,37.483141,126.615476
tourspot,분바위와 월띠,37.767654,124.7659
tourspot,사곶해변,37.952848,124.721802
tourspot,삼목선착장,37.498564,126.45324
tourspot,삼산건강공원,37.517667,126.749379
tourspot,삼산저수지,37.706192,126.286894
tourspot,삼포 만화북투어,37.481911,126.62112
tourspot,서포리해변,37.222068,126.115665
tourspot,석산곶,37.444757,126.484792
tourspot,선녀바위,37.439653,126.378968
tourspot,선미도 등대,37.287132,126.077583
tourspot,소사나무 군락지,37.280931,126.48271
tourspot,소야도 떼뿌리 해변,37.212676,126.175943
tourspot,송도 센트럴파크,37.390399,126.643598
tourspot,송도 한옥마을,37.390305,126.638801
tourspot,송현근린공원,37.479056,126.639496
tourspot,수기해변,37.544603,126.431177
tourspot,수도사(인천),37.456742,126.693214
tourspot,수봉공원,37.459883,126.663308
tourspot,술작가 양조장,37.473367,126.641335
tourspot,스머프매직포레스트 송도점,37.383145,126.642757
tourspot,스카이랜드카라반 리조트,37.691653,126.300866
tourspot,승봉도 이일레 해변,37.165592,126.301277
tourspot,승봉도선착장,37.170047,126.291942
tourspot,신도선착장,37.515248,126.439286
tourspot,신트리공원(인천),37.506493,126.726607
tourspot,신항 바다쉼터,37.347098,126.614755
tourspot,아라빛섬,37.592753,126.614112
tourspot,아암도해안공원,37.413963,126.639392
tourspot,약사사(인천),37.471847,126.71287
tourspot,어류정항,37.645414,126.343282
tourspot,연등국제선원,37.670983,126.483405
tourspot,연무당 옛터,37.747474,126.477156
tourspot,연희자연마당,37.545654,126.663011
tourspot,영흥도,37.256118,126.481814
tourspot,영흥도 십리포해변,37.280854,126.48268
tourspot,예단포선착장,37.531436,126.502432
tourspot,오읍약수터,37.755251,126.484433
tourspot,옹진 백령도 두무진,37.974266,124.619455
tourspot,왕산마리나,37.457756,126.357814
tourspot,외포리선착장,37.700503,126.381452
tourspot,용궁사(인천),37.497157,126.527981
tourspot,용진진,37.709318,126.513882
tourspot,용트림 바위,37.921657,124.668599
tourspot,용화선원(인천),37.469752,126.682298
tourspot,원적산체육공원,37.507275,126.693332
tourspot,월미 관광특구,37.471425,126.596403
tourspot,월미공원,37.47575,126.604155
tourspot,월미도등대길,37.469362,126.595134
tourspot,월미문화의거리 & 달빛음악분수,37.473886,126.598383
tourspot,월미산유리전망대,37.471281,126.602647
tourspot,인천 경서동 녹청자 요지,37.558505,126.656384
tourspot,인천국민안전체험관,37.522007,126.676522
tourspot,인천국제공항 제2여객터미널,37.478455,126.425016
tourspot,인천기독교사회복지관(여선교사합숙소),37.470682,126.641138
tourspot,인천나비공원,37.520255,126.692698
tourspot,인천대공원 반려견놀이터,37.457746,126.749303
tourspot,인천대공원 반려동물 놀이터,37.457746,126.749303
tourspot,인천대공원 치유숲길,37.457746,126.749303
tourspot,인천대교,37.425666,126.547645
tourspot,인천도호부관아,37.439472,126.682363
tourspot,인천로봇랜드,37.519698,126.610953
tourspot,인천북항다목적부두,37.506544,126.633349
tourspot,인천애뜰,37.455087,126.706099
tourspot,인천어린이천문대,37.590435,126.652667
tourspot,인천업사이클에코센터,37.443213,126.655334
tourspot,인천중구청(구 인천부 청사),37.473684,126.621495
tourspot,인천항 국제여객터미널,37.42412,126.605498
tourspot,장미공원,37.42691,126.67783
tourspot,장봉도 옹암해변,37.531023,126.367906
tourspot,점핑파크 인천계양점,37.540786,126.742166
tourspot,정수사(강화),37.607734,126.445588
tourspot,정족산,37.632454,126.480412
tourspot,제물포고등학교 강당,37.476389,126.623853
tourspot,지선사,37.545627,126.711629
tourspot,진두선착장,37.254521,126.498651
tourspot,진촌리 현무암,37.953693,124.732145
tourspot,초지대교,37.628042,126.533907
tourspot,측도,37.23194,126.515595
tourspot,큰무리어촌체험마을,37.409274,126.41351
tourspot,통일사,37.270788,126.460963
tourspot,투모로우시티(인천스타트업파크),37.388591,126.639971
tourspot,티라시아 리조트,37.62932,126.375338
tourspot,파라다이스시티,37.438754,126.454361
tourspot,파라다이스시티 원더박스,37.437346,126.455745
tourspot,하늘정원,37.444251,126.474912
tourspot,하늘체육공원,37.488225,126.556053
tourspot,한지생각이닥,37.470681,126.626209
tourspot,해군영흥도 전적비,37.257731,126.484791
tourspot,해명산,37.67903,126.353872
tourspot,호룡곡산,37.376853,126.425049
tourspot,호불사,37.42191,126.658246
tourspot,홍예문,37.4747,126.626239
tourspot,황룡사(인천),37.580578,126.664069
tourspot,효성공원,37.52679,126.715629
tourspot,후포항 선수포구,37.640507,126.392045
tourspot,흥륜사(인천),37.416624,126.659252
tourspot,(구)인천일본제58은행지점,37.472867,126.621384
tourspot,BMW 드라이빙센터,37.462463,126.484938
tourspot,G타워 전망대,37.396418,126.633554
